,author,comments,created,score,title,url
0,Rydra,0,Wed Oct 17 00:48:53 2018,2,Is there any library to specify custom fields for forms that can then be returned by a REST API?,https://www.reddit.com/r/Python/comments/9ooaou/is_there_any_library_to_specify_custom_fields_for/
1,BobbaGanush87,2,Wed Oct 17 00:47:59 2018,1,When is an import module's code ran?,https://www.reddit.com/r/Python/comments/9ooaf5/when_is_an_import_modules_code_ran/
2,apokas,0,Wed Oct 17 00:12:08 2018,1,Arbitrary response magnitude filter design,https://www.reddit.com/r/Python/comments/9onz5h/arbitrary_response_magnitude_filter_design/
3,AutoModerator,3,Wed Oct 17 00:09:10 2018,2,What's everyone working on this week?,https://www.reddit.com/r/Python/comments/9ony87/whats_everyone_working_on_this_week/
4,writing_from_mars,14,Tue Oct 16 23:23:10 2018,9,Any data analysts here that use Python at work?,https://www.reddit.com/r/Python/comments/9onkph/any_data_analysts_here_that_use_python_at_work/
5,ffence,0,Tue Oct 16 23:12:55 2018,1,PyGitio - CLI client for the git.io URL shortener(supports custom URLs),https://git.io/pygitio
6,AbleSable,2,Tue Oct 16 23:08:52 2018,1,Geo Api that can give me a landuse.,https://www.reddit.com/r/Python/comments/9ongjl/geo_api_that_can_give_me_a_landuse/
7,willm,0,Tue Oct 16 22:51:18 2018,1,Adding type hints to the Django ORM,https://www.willmcgugan.com/blog/tech/post/adding-type-hints-to-the-django-orm/
8,erayerdin,5,Tue Oct 16 22:23:18 2018,2,Now you can control your Android device with Pyairmore,https://www.reddit.com/r/Python/comments/9on445/now_you_can_control_your_android_device_with/
9,Kobzol,0,Tue Oct 16 22:07:10 2018,2,Snailwatch: continuous code performance monitoring,https://www.reddit.com/r/Python/comments/9omzy2/snailwatch_continuous_code_performance_monitoring/
10,pzel__,0,Tue Oct 16 20:45:10 2018,0,Spinning up a Wallaroo cluster is easy,https://blog.wallaroolabs.com/2018/10/spinning-up-a-wallaroo-cluster-is-easy/
11,nyquist_karma,0,Tue Oct 16 20:24:26 2018,0,Integration using the scaling and squaring approach instead of Euler's method,https://www.reddit.com/r/Python/comments/9ombgj/integration_using_the_scaling_and_squaring/
12,Vitoahshik,1,Tue Oct 16 19:28:29 2018,0,Arduino To python,https://www.reddit.com/r/Python/comments/9olzs4/arduino_to_python/
13,runew0lf,0,Tue Oct 16 18:45:50 2018,0,Python scripts running in 1 interface on windows,https://www.reddit.com/r/Python/comments/9olrda/python_scripts_running_in_1_interface_on_windows/
14,funkmaster322,1,Tue Oct 16 18:42:24 2018,2,How to use pytest to setup/teardown,https://www.reddit.com/r/Python/comments/9olqpv/how_to_use_pytest_to_setupteardown/
15,Carlos_Menezes,0,Tue Oct 16 18:03:53 2018,8,I made a translation bot for Reddit.,https://github.com/c-mnzs/TranslateBot
16,projecttunnel,0,Tue Oct 16 17:08:31 2018,0,Matlab Projects With Source Code,https://projecttunnel.com/blogs/Matlab-Projects-With-Source-Code
17,awegge,3,Tue Oct 16 16:40:47 2018,3,Is the Tauthon project still alive?,https://github.com/naftaliharris/tauthon/pulse/monthly
18,Frankson909,9,Tue Oct 16 16:26:37 2018,0,Module not available - but installed,https://www.reddit.com/r/Python/comments/9ol05f/module_not_available_but_installed/
19,Automataton,0,Tue Oct 16 15:52:38 2018,1,Record audio with some pulseaudio library ?,https://www.reddit.com/r/Python/comments/9okt6x/record_audio_with_some_pulseaudio_library/
20,nickbuch,1,Tue Oct 16 14:19:35 2018,2,Django web sockets + caching,https://www.reddit.com/r/Python/comments/9ok8rs/django_web_sockets_caching/
21,pushthecharacterlimi,6,Tue Oct 16 13:49:38 2018,6,[Question] Best method to provide an interface for tools/scripts for my team,https://www.reddit.com/r/Python/comments/9ok1du/question_best_method_to_provide_an_interface_for/
22,textfile,0,Tue Oct 16 12:44:57 2018,1,"Massively parallel random number generation in Python, as a benchmarking and educational exercise",https://www.youtube.com/watch?v=wVZcfpvbHyY
23,coleifer,1,Tue Oct 16 11:50:03 2018,5,Multi-process task queue using Redis Streams,http://charlesleifer.com/blog/multi-process-task-queue-using-redis-streams/
24,ADMMMMMMM8,1,Tue Oct 16 10:49:02 2018,1,Neural net setup,https://www.reddit.com/r/Python/comments/9oioxe/neural_net_setup/
25,jayingq,5,Tue Oct 16 10:18:00 2018,3,Anyone have ideas on how to make sentences based on keywords?,https://www.reddit.com/r/Python/comments/9oig9y/anyone_have_ideas_on_how_to_make_sentences_based/
26,system_92,3,Tue Oct 16 10:13:17 2018,0,Question related to inserting a text to word from excel. Please help,https://www.reddit.com/r/Python/comments/9oiewe/question_related_to_inserting_a_text_to_word_from/
27,protik7,16,Tue Oct 16 09:19:03 2018,494,Elastic cube made using Python,https://i.redd.it/r7zoxzszscs11.gif
28,tastingsilver,5,Tue Oct 16 09:09:26 2018,0,Why/when to use inner classes?,https://www.reddit.com/r/Python/comments/9ohwuq/whywhen_to_use_inner_classes/
29,lotyei,10,Tue Oct 16 08:29:03 2018,5,Any Python textbooks that uses Python to teach programming concepts? (not just Python itself),https://www.reddit.com/r/Python/comments/9ohkob/any_python_textbooks_that_uses_python_to_teach/
30,ldzzaesa,0,Tue Oct 16 07:41:22 2018,0,Flat library for generative art now supports Python 3,https://xxyxyz.org/flat/
31,LeifErikson12,3,Tue Oct 16 06:49:06 2018,1,Running a Python script on a dynamic webpage with Flask and SocketIO,https://www.reddit.com/r/Python/comments/9ogo6b/running_a_python_script_on_a_dynamic_webpage_with/
32,idle221,3,Tue Oct 16 05:17:42 2018,0,Need some help for a cool project.,https://www.reddit.com/r/Python/comments/9oft3p/need_some_help_for_a_cool_project/
33,Hultner-,1,Tue Oct 16 05:13:42 2018,6,safemd ‚Äì A markdown renderer focusing on security first,https://github.com/Hultner/safemd
34,tomchristie,0,Tue Oct 16 04:16:31 2018,5,Working with ASGI and HTTP,https://www.encode.io/articles/asgi-http/
35,projecktzero,0,Tue Oct 16 03:00:02 2018,15,PyCharm and Django Announce 30% Discount With All Proceeds Going to DSF,https://www.jetbrains.com/pycharm/promo/support-django/?coupon=internal
36,rishirk,0,Tue Oct 16 02:10:46 2018,0,Looking for cool projects to get some street-cred,https://www.reddit.com/r/Python/comments/9oe1xv/looking_for_cool_projects_to_get_some_streetcred/
37,ahadcove,5,Tue Oct 16 02:00:52 2018,0,Created a VSCode extension to quickly print out a variable in Python,https://github.com/AhadCove/Python-Quick-Print
38,plott_hound,4,Tue Oct 16 01:50:10 2018,0,predicting NFL offensive plays,https://www.reddit.com/r/Python/comments/9odvdb/predicting_nfl_offensive_plays/
39,Xeroxs,4,Tue Oct 16 01:05:45 2018,2,Good opensource projects to contribute to,https://www.reddit.com/r/Python/comments/9odh6s/good_opensource_projects_to_contribute_to/
40,Tafkas,0,Tue Oct 16 01:05:40 2018,1,Creating a grid based on GeoHashes with Python,https://blog.tafkas.net/2018/09/28/creating-a-grid-based-on-geohashes/
41,internetprofil,3,Tue Oct 16 00:51:42 2018,2,"Python riddle to solve, is it possible to do it better in reasonable time?",https://www.reddit.com/r/Python/comments/9odcpt/python_riddle_to_solve_is_it_possible_to_do_it/
42,Danysco,8,Tue Oct 16 00:30:27 2018,8,Looking for a good tutorial/course on Django.,https://www.reddit.com/r/Python/comments/9od68s/looking_for_a_good_tutorialcourse_on_django/
43,mrcarasus,13,Tue Oct 16 00:29:58 2018,9,Reflection on the use of static analysis tools in Python,https://www.reddit.com/r/Python/comments/9od62q/reflection_on_the_use_of_static_analysis_tools_in/
44,Ignisor,3,Mon Oct 15 23:24:53 2018,2,PostgreSQL initialization for Django easier,https://www.reddit.com/r/Python/comments/9ocn46/postgresql_initialization_for_django_easier/
45,gboeing,45,Mon Oct 15 23:07:17 2018,450,My project visualizing street networks has been shortlisted for the 2018 Information Is Beautiful Awards. It uses Jupyter + OSMnx + matplotlib and was first shared with the world here on r/Python over the summer. Huge thanks to this community!,https://www.informationisbeautifulawards.com/showcase/3413-city-street-network-orientations-around-the-world
46,blarghmatey,0,Mon Oct 15 21:44:34 2018,4,A Case Study Of Building A Startup On Python (Interview),https://www.podcastinit.com/wanderu-with-chris-kirkos-and-matt-warren-episode-183/
47,MassiveRead,0,Mon Oct 15 19:12:02 2018,1,Course Review: EL ENG X442.3 Python Programming @ UC Berkeley Extension,https://www.reddit.com/r/Python/comments/9ob2aq/course_review_el_eng_x4423_python_programming_uc/
48,jonatasbaldin,0,Mon Oct 15 18:11:48 2018,2,"I created a Python Community Map, add yours!",https://community.python.org.br/
49,mickmaverick,98,Mon Oct 15 17:14:24 2018,171,I want to hear your Python workplace automation stories.,https://www.reddit.com/r/Python/comments/9oahiy/i_want_to_hear_your_python_workplace_automation/
50,dolphinenthusiast99,6,Mon Oct 15 14:28:23 2018,1,"Reality check, python & API. how difficult is it to build an api?",https://www.reddit.com/r/Python/comments/9o9jiy/reality_check_python_api_how_difficult_is_it_to/
51,MikeTheWatchGuy,5,Mon Oct 15 13:47:58 2018,15,HowDoI with a GUI front-end... a truly amazing tool that could boost your productivity significantly,https://www.reddit.com/r/Python/comments/9o9a4p/howdoi_with_a_gui_frontend_a_truly_amazing_tool/
52,InIt4TheFish,2,Mon Oct 15 13:32:13 2018,3,Introducing Gnar Gear,https://www.reddit.com/r/Python/comments/9o9684/introducing_gnar_gear/
53,ptmcg,3,Mon Oct 15 10:54:25 2018,7,Looking for some simple translation help,https://www.reddit.com/r/Python/comments/9o82pq/looking_for_some_simple_translation_help/
54,Krumpetify,4,Mon Oct 15 10:49:31 2018,1,type guard for union type don't work by elimination,https://www.reddit.com/r/Python/comments/9o81hn/type_guard_for_union_type_dont_work_by_elimination/
55,codepr,0,Mon Oct 15 09:22:12 2018,2,HTTP tunnel on top of aiohttp and asyncio.,https://github.com/codepr/aiotunnel
56,aphoenix,3,Mon Oct 15 06:08:39 2018,6,r/Python official Job Board,https://www.reddit.com/r/Python/comments/9o5w2z/rpython_official_job_board/
57,oli199,7,Mon Oct 15 04:23:25 2018,9,pdfcli - simple pdf management,https://www.reddit.com/r/Python/comments/9o50mp/pdfcli_simple_pdf_management/
58,psangrene,11,Mon Oct 15 02:13:45 2018,478,"Large Collection of Neural Nets, Numpy, Pandas, Matplotlib, Scikit and ML Cheat Sheets",https://www.datasciencecentral.com/profiles/blogs/large-collection-of-neural-networks-ml-numpy-pandas-matplotlib-sc
59,themammuth,9,Mon Oct 15 01:29:36 2018,36,I built a trading bot which exploits price-spreads between Bitcoin exchanges,https://github.com/mammuth/bitcoin-arbitrage-trading-bot
60,effzy,11,Mon Oct 15 01:06:02 2018,20,Windows Defender Antivirus finds 'Trojan' in Python 2.7 files.,https://www.reddit.com/r/Python/comments/9o3dts/windows_defender_antivirus_finds_trojan_in_python/
61,btaskaya,10,Sun Oct 14 22:30:32 2018,23,Lifecycle of a Python Code - CPython's Execution Model,https://dev.to/btaskaya/lifecycle-of-a-python-code---cpythons-execution-model-85i
62,bradleykirton,3,Sun Oct 14 20:38:09 2018,12,djangovue - A set of helper tags for making django and vue play nicely.,https://pypi.org/project/djangovue/
63,imsearchbot,2,Sun Oct 14 20:24:01 2018,3,MySQL Connector/Python Tutorial,https://overiq.com/mysql-connector-python/101/intro-to-mysql-connector-python/
64,tutunak,2,Sun Oct 14 20:22:37 2018,1,"Didn't find http://norvig.com/ngrams/ on github, so created this repo",https://github.com/naktu/ngrams
65,Vitoahshik,5,Sun Oct 14 17:17:44 2018,1,Hi guys ! I‚Äôm just curious if it‚Äôs possible to implement DSP to photoplethymograph signal. My current signal has baseline drift and wonder if it can be eliminated using digital filters .,https://www.reddit.com/r/Python/comments/9o0ygs/hi_guys_im_just_curious_if_its_possible_to/
66,simondrawer,1,Sun Oct 14 11:37:29 2018,2,Turn Cloudflare into free DDNS,https://github.com/simonpainter/pyflare
67,LordFaquaad,1,Sun Oct 14 10:57:04 2018,2,A question about statistical languages in businesses,https://www.reddit.com/r/Python/comments/9nyvo3/a_question_about_statistical_languages_in/
68,acialjonny,1,Sun Oct 14 08:04:00 2018,0,Getting Started - Dissecting my first project into understandable chunks,https://www.reddit.com/r/Python/comments/9nxox5/getting_started_dissecting_my_first_project_into/
69,clone290595,62,Sun Oct 14 07:59:21 2018,818,Looking for educational images,https://i.redd.it/le2rlwe3z0s11.jpg
70,liiight000,2,Sun Oct 14 05:33:29 2018,5,Looking for contributions for notifiers,https://www.reddit.com/r/Python/comments/9nwk1v/looking_for_contributions_for_notifiers/
71,chrome9k,8,Sun Oct 14 04:37:14 2018,2,Network visualization (networkx and recommendations),https://www.reddit.com/r/Python/comments/9nw2yt/network_visualization_networkx_and_recommendations/
72,MikeTheWatchGuy,30,Sun Oct 14 03:12:17 2018,134,Tutorial - Beginning (as in your first time) GUI programming,https://www.reddit.com/r/Python/comments/9nvdmw/tutorial_beginning_as_in_your_first_time_gui/
73,andreaslordos,37,Sun Oct 14 01:51:04 2018,15,Generating a random lat/long in a country?,https://www.reddit.com/r/Python/comments/9nuqil/generating_a_random_latlong_in_a_country/
74,UnicornsOnLSD,14,Sat Oct 13 22:52:25 2018,0,I may sound naive and stereotypical but are there any jobs in Python for under 16s?,https://www.reddit.com/r/Python/comments/9ntj6v/i_may_sound_naive_and_stereotypical_but_are_there/
75,winner_godson,5,Sat Oct 13 22:51:08 2018,33,30 amazing Python projects discussed.,https://talkpython.fm/episodes/show/181/30-amazing-python-projects
76,moby414,3,Sat Oct 13 20:53:09 2018,5,Creating and sharing a tutorial for beginners that supports matplotlib.,https://www.reddit.com/r/Python/comments/9nsx3l/creating_and_sharing_a_tutorial_for_beginners/
77,sobolevn,0,Sat Oct 13 19:11:54 2018,0,Contribute to the most opinionated python linter ever! #Hacktoberfest,https://www.reddit.com/r/Python/comments/9nshbc/contribute_to_the_most_opinionated_python_linter/
78,GChe,2,Sat Oct 13 18:53:02 2018,1,`conv` library for convolutional loops: you won't again have to code this style of for-loop manually,https://github.com/guillaume-chevalier/python-conv-lib
79,ishannbhatt,107,Sat Oct 13 16:44:14 2018,215,"How come library creators and people who commit to those libs such as aiohttp, asyncpg, numpy, Keras etc are so smarter than average programmer like you and me?",https://www.reddit.com/r/Python/comments/9nrt9u/how_come_library_creators_and_people_who_commit/
80,devdibyo,29,Sat Oct 13 16:16:27 2018,4,Best way to create APIs when i dont have the source code ?,https://www.reddit.com/r/Python/comments/9nrofc/best_way_to_create_apis_when_i_dont_have_the/
81,patarapolw,10,Sat Oct 13 15:59:47 2018,11,OpenDocument Format for developers,http://www.opendocumentformat.org/developers/
82,ilecwv,0,Sat Oct 13 14:24:45 2018,7,[P] Andrew Ng‚Äôs Coursera ML course done entirely in Python,https://www.reddit.com/r/MachineLearning/comments/9nlnek/p_andrew_ngs_coursera_ml_course_done_entirely_in/
83,indian_pythonista,1,Sat Oct 13 13:14:58 2018,0,I wrote a python script to send proxy request using random proxies!,https://youtube.com/watch?v=n3uSyqoBgQI
84,urishaked,0,Sat Oct 13 08:55:45 2018,0,Visualizing Repetitions in String using Python and Matplotlib,https://medium.com/@urish/visualizing-repetitions-in-string-using-python-and-matplotlib-5e4e1ddff0c9
85,AtlasTheDestroyer23,5,Sat Oct 13 06:43:28 2018,2,What is best to plot this data with?,https://www.reddit.com/r/Python/comments/9nnx21/what_is_best_to_plot_this_data_with/
86,MikeTheWatchGuy,4,Sat Oct 13 06:06:49 2018,16,Chess game playback GUI for chess AI engine - plays back games saved in PGN format,https://www.reddit.com/r/Python/comments/9nnm9c/chess_game_playback_gui_for_chess_ai_engine_plays/
87,luikraken,0,Sat Oct 13 05:09:16 2018,2,aiogmaps - Async Python client library for Google Maps API Web Services,https://github.com/hzlmn/aiogmaps
88,karburator9,22,Sat Oct 13 02:43:30 2018,54,Write Better Python Functions,https://jeffknupp.com/blog/2018/10/11/write-better-python-functions//
89,Blex42,6,Sat Oct 13 01:13:33 2018,0,Lets talk IDE's,https://youtu.be/3OmlGPt4Hgs
90,TarumK,10,Sat Oct 13 00:43:04 2018,9,Question about list comprehension/very short code,https://www.reddit.com/r/Python/comments/9nkuiu/question_about_list_comprehensionvery_short_code/
91,j_orshman,9,Sat Oct 13 00:02:51 2018,104,A Python Library to extract tabular data from PDFs,https://blog.socialcops.com/technology/engineering/camelot-python-library-pdf-data/
92,sprouse2016,1,Fri Oct 12 23:58:19 2018,0,OCR,https://www.reddit.com/r/Python/comments/9nkhwl/ocr/
93,m0ln1a,4,Fri Oct 12 22:58:59 2018,9,ASCII-like Text Generator - my first Python project,https://www.reddit.com/r/Python/comments/9nk1xp/asciilike_text_generator_my_first_python_project/
94,AlfonzoKaizerKok,6,Fri Oct 12 22:32:33 2018,11,AskReddit: Is there a way to make ipython behave like bpython?,https://www.reddit.com/r/Python/comments/9njv96/askreddit_is_there_a_way_to_make_ipython_behave/
95,kennethreitz,18,Fri Oct 12 22:31:54 2018,25,Responder: a familiar web framework,http://python-responder.org/en/latest/
96,skj8,19,Fri Oct 12 21:59:27 2018,311,Python For Data Science Cheat Sheet - Importing Data,https://sinxloud.com/python-cheat-sheet-beginner-advanced/#5-importing-data-in-python-cheat-sheet-datacamp
97,smartromain,6,Fri Oct 12 21:31:59 2018,1,Help for installing urlwatch python,https://www.reddit.com/r/Python/comments/9njh79/help_for_installing_urlwatch_python/
98,AkarinSwag,6,Fri Oct 12 21:22:55 2018,0,"I have never installed packages before, let alone from a requirments.txt file. I am somewhat of a python neophyte and would appreciate some help with installing a neural network package.",https://www.reddit.com/r/Python/comments/9njf81/i_have_never_installed_packages_before_let_alone/
99,a1Gupta,11,Fri Oct 12 19:42:16 2018,72,Asterisks in Python: what they are and how to use them,http://treyhunner.com/2018/10/asterisks-in-python-what-they-are-and-how-to-use-them/
100,tehusername,0,Fri Oct 12 16:05:50 2018,3,"Introducing Pavlova, a new Python deserialization library",https://medium.com/freelancer-engineering/introducing-pavlova-a-new-python-deserialization-library-47da000268e5
101,MysterialPy,2,Fri Oct 12 15:53:27 2018,10,TwitchIO - An asynchronous API/IRC wrapper for Twitch in Python (Alpha),https://www.reddit.com/r/Python/comments/9nhpg6/twitchio_an_asynchronous_apiirc_wrapper_for/
102,indian_pythonista,11,Fri Oct 12 13:59:15 2018,25,I wrote a python script which makes styling text on desktop super easy!,https://i.redd.it/caxosse0hor11.gif
103,CraigOpie,5,Fri Oct 12 13:39:13 2018,2,Using PySide with MacOS Mojave,https://www.reddit.com/r/Python/comments/9ngwen/using_pyside_with_macos_mojave/
104,TheDwarfBard,1,Fri Oct 12 11:16:00 2018,0,Number Guessing Game Review?,https://www.reddit.com/r/Python/comments/9nfw80/number_guessing_game_review/
105,81emerson,20,Fri Oct 12 11:12:05 2018,39,This is how I started teaching myself code.,https://i.redd.it/lo5x708lnnr11.png
106,OpenGift,0,Fri Oct 12 09:57:19 2018,1,"Take part in the OpenGift & Philtech Initiative Python online-hackathon and win $1,500",https://www.reddit.com/r/OpenGift/comments/9nc6r5/take_part_in_the_opengift_philtech_initiative/
107,jknupp,5,Fri Oct 12 09:43:37 2018,12,Write Better Python Functions,https://jeffknupp.com/blog/2018/10/11/write-better-python-functions/
108,LeifErikson12,6,Fri Oct 12 08:07:19 2018,3,I need to display my Python's script output on a webpage,https://www.reddit.com/r/Python/comments/9neg63/i_need_to_display_my_pythons_script_output_on_a/
109,ajitid,0,Fri Oct 12 07:08:57 2018,2,Live Server in Python (inspired by Node live-server package),https://github.com/ajitid/live_server
110,Jcerra,2,Fri Oct 12 06:53:25 2018,2,Need Help with Script to Parse Genbank data.,https://www.reddit.com/r/Python/comments/9ndty3/need_help_with_script_to_parse_genbank_data/
111,HugoRAS,6,Fri Oct 12 06:17:37 2018,2,Interop with Java,https://www.reddit.com/r/Python/comments/9ndile/interop_with_java/
112,statueworld99,2,Fri Oct 12 05:12:30 2018,2,Dataquest.io,https://www.reddit.com/r/Python/comments/9ncxmn/dataquestio/
113,Fewthp,0,Fri Oct 12 03:49:11 2018,3,PostgreSQL Docker image with SSL certificate signed by a custom Certificate Authority (CA),https://medium.com/p/3df41b5b53
114,benzimm86,73,Fri Oct 12 03:48:20 2018,801,Python crashed my computer (shitpost),https://v.redd.it/gletf2watjr11
115,seeeba,0,Fri Oct 12 03:43:06 2018,3,Search suggestions using Python Postgres and A Flask API.,https://towardsdatascience.com/implementing-auto-complete-with-postgres-and-python-e03d34824079?source=linkShare-43d345ce6255-1539279711
116,ScrazerHD,23,Fri Oct 12 03:39:37 2018,8,"School project has you flip a coin and roll a die to determine an outcome, so I wrote a script to speed up the process.",https://i.redd.it/rl8bdgsxelr11.jpg
117,indian_pythonista,1,Fri Oct 12 03:27:33 2018,8,Check out my latest Python project ùô•ùôßùôöùô©ùô©ùôÆùô•ùôö which makes styling text on desktop super easy!,https://github.com/nikhilkumarsingh/prettype
118,hanpari,0,Fri Oct 12 03:17:16 2018,2,Examples of (not only Python) code on programcreek. It seems like interesting project I have found by accident.,https://www.programcreek.com/python/
119,QuirkySpiceBush,1,Fri Oct 12 03:03:50 2018,3,What packages do you find most useful for data cleaning & processing?,https://www.reddit.com/r/Python/comments/9nbs2x/what_packages_do_you_find_most_useful_for_data/
120,d8sconz,5,Fri Oct 12 01:04:51 2018,1,What's a good robust environment to develop neural networks in?,https://www.reddit.com/r/Python/comments/9nar5k/whats_a_good_robust_environment_to_develop_neural/
121,Tafkas,0,Fri Oct 12 00:07:58 2018,0,Project A Open Source Its Python Data Warehouse Infrastructure,https://www.project-a.com/en/media/press-releases/open-source-project-a-releases-its-data-warehouse-infrastructure
122,skj8,1,Thu Oct 11 23:57:37 2018,29,Pandas Cheat Sheet - Python for Data Science,https://www.reddit.com/r/Python/comments/9na6sm/pandas_cheat_sheet_python_for_data_science/
123,pip-install,6,Thu Oct 11 23:26:39 2018,10,I just created my very first python package - fBrowser. It allows you to quickly create selenium applications...,https://www.reddit.com/r/Python/comments/9n9y7a/i_just_created_my_very_first_python_package/
124,masterbruno11,1,Thu Oct 11 23:06:54 2018,0,"We, r/Python, need to help to find a cure for cancer. Is there a way to help the scientist to won this battle?",https://www.reddit.com/r/Python/comments/9n9stz/we_rpython_need_to_help_to_find_a_cure_for_cancer/
125,b0ngo-liam,1,Thu Oct 11 22:25:52 2018,2,Anyone know an OpenVPN API for client usage?,https://www.reddit.com/r/Python/comments/9n9icq/anyone_know_an_openvpn_api_for_client_usage/
126,Blex42,0,Thu Oct 11 21:46:59 2018,2,A new series to learn python with a different flair to it,https://youtu.be/XSHtZ5YCTJ4
127,illumen,0,Thu Oct 11 20:12:55 2018,1,pygame Artist in Residence grant - celebrating the Python arts community.,https://www.pygame.org/news/2018/10/josh-bartlett-pygame-artist-in-residence
128,winner_godson,64,Thu Oct 11 18:44:26 2018,365,What I did with Python turtle graphics.,https://v.redd.it/xo83359kqir11
129,alhman,0,Thu Oct 11 17:47:09 2018,2,ReportBro Lib v1.0: a library to generate pdf and excel reports,https://github.com/jobsta/reportbro-lib
130,food4mybrain,19,Thu Oct 11 17:45:52 2018,6,Python 3 migration: how to properly sort lists containing None elements?,https://www.reddit.com/r/Python/comments/9n7vmd/python_3_migration_how_to_properly_sort_lists/
131,hiren_p,0,Thu Oct 11 16:34:58 2018,6,How to Export Jupyter Notebooks Into Other Formats,https://dzone.com/articles/how-to-export-jupyter-notebooks-into-other-formats
132,ThatChelseaGirl,6,Thu Oct 11 14:21:02 2018,10,Advice on Lynda courses,https://www.reddit.com/r/Python/comments/9n6qsm/advice_on_lynda_courses/
133,dontmissth,3,Thu Oct 11 09:29:29 2018,1,Package that allows you to do crud on a relational database from the frontend.,https://www.reddit.com/r/Python/comments/9n4oo8/package_that_allows_you_to_do_crud_on_a/
134,lekevoid,2,Thu Oct 11 08:31:09 2018,7,Curious about how much time an experienced dev would take to create an UI,https://www.reddit.com/r/Python/comments/9n48kv/curious_about_how_much_time_an_experienced_dev/
135,NickNotorious,8,Thu Oct 11 07:45:28 2018,2,Python and Legal Papers,https://www.reddit.com/r/Python/comments/9n3v6c/python_and_legal_papers/
136,riverexit,0,Thu Oct 11 05:23:41 2018,5,Falcon rest API & WSGI on IIS ?,https://www.reddit.com/r/Python/comments/9n2lnw/falcon_rest_api_wsgi_on_iis/
137,qil_horizon,24,Thu Oct 11 02:56:00 2018,18,How many of you use an auto code formatter / hows that going?,https://www.reddit.com/r/Python/comments/9n18ra/how_many_of_you_use_an_auto_code_formatter_hows/
138,jokoon,38,Thu Oct 11 02:55:46 2018,6,"I've read about python and how it's a complex language which is hard to optimize and make faster. What sort of feature, if removed, could make python so much faster?",https://www.reddit.com/r/Python/comments/9n18ot/ive_read_about_python_and_how_its_a_complex/
139,Jujubirdy,2,Thu Oct 11 02:40:06 2018,1,Question regarding nD-arrays,https://www.reddit.com/r/Python/comments/9n13na/question_regarding_ndarrays/
140,N1K31T4,0,Thu Oct 11 02:29:05 2018,3,cppyy - installation within a conda environment,https://www.reddit.com/r/Python/comments/9n104t/cppyy_installation_within_a_conda_environment/
141,soulslicer0,7,Thu Oct 11 02:26:39 2018,6,Passing a C++ Data structure into Python and vice versa,https://www.reddit.com/r/Python/comments/9n0zbp/passing_a_c_data_structure_into_python_and_vice/
142,cofonseca,2,Thu Oct 11 01:39:43 2018,1,Selenium + Geckodriver Not Navigating to URL?,https://www.reddit.com/r/Python/comments/9n0kcs/selenium_geckodriver_not_navigating_to_url/
143,spiderpower02,0,Thu Oct 11 01:24:03 2018,9,Python3 C Extensions Snippets,https://github.com/crazyguitar/pysheeet/blob/master/docs/notes/python-c-extensions.rst
144,jeremyisdev,0,Thu Oct 11 01:21:15 2018,18,Python Top 10 Articles for the Past Month (v.Oct 2018),https://medium.com/@Mybridge/python-top-10-articles-for-the-past-month-v-oct-2018-81a2f7658945
145,mrcarasus,21,Thu Oct 11 01:20:02 2018,7,Flake8 or Pylint: Which static analysis tool you prefer? How are you using it?,https://www.reddit.com/r/Python/comments/9n0e03/flake8_or_pylint_which_static_analysis_tool_you/
146,connerlanestein,66,Thu Oct 11 00:47:02 2018,616,I wrote a script that finds the shortest path between arbitrary Wikipedia pages,https://vimeo.com/288044857
147,zilton7000,6,Thu Oct 11 00:18:50 2018,1,Simple GUI for Script,https://www.reddit.com/r/Python/comments/9mzv6u/simple_gui_for_script/
148,NikosVergos,0,Thu Oct 11 00:10:30 2018,0,Return 2 responsed (html data + serve a file) using yield,https://www.reddit.com/r/Python/comments/9mzsn5/return_2_responsed_html_data_serve_a_file_using/
149,dan_the_lion,0,Wed Oct 10 23:14:31 2018,10,Spotify client API bindings in Python for MacOS,https://github.com/danthelion/wasp
150,ndrbrt,0,Wed Oct 10 20:57:02 2018,7,I made a simple library you can use to build your own Minesweeper in Python,https://www.reddit.com/r/Python/comments/9myeq2/i_made_a_simple_library_you_can_use_to_build_your/
151,pauloxnet,12,Wed Oct 10 20:34:52 2018,24,Python Mock Cookbook,https://chase-seibert.github.io/blog/2015/06/25/python-mocking-cookbook.html
152,Ninjakilla_X,1,Wed Oct 10 20:00:57 2018,5,[HELP] Developing a sorta music streamer on python.,https://www.reddit.com/r/Python/comments/9my3me/help_developing_a_sorta_music_streamer_on_python/
153,indian_pythonista,22,Wed Oct 10 18:55:17 2018,58,Display any image in the linux terminal using a simple Python Script!,https://www.youtube.com/watch?v=f77rKzqBzEA
154,thecoderkiller,1,Wed Oct 10 16:26:16 2018,0,DigiDuck Framework - Digispark Payload Loader written in Python for ATTiny85 Digispark Dev Boards,https://github.com/M4cs/DigiDuck-Framework
155,cfh294,6,Wed Oct 10 12:58:50 2018,0,"Took a crack at making a basic, humorous dashboard that analyzes the president's tweets. Used Python/Flask and AWS Elastic Beanstalk. Likely will open source the util code in the near future as it was a good exercise for working with Python and web APIs",http://www.hasdonaldtrumpbeenarrested.com
156,SnowdogU77,43,Wed Oct 10 12:56:50 2018,113,I wrote a simple tool for logging internet performance via scheduled pings and speed tests,https://www.reddit.com/r/Python/comments/9mvrpi/i_wrote_a_simple_tool_for_logging_internet/
157,tfsdoc,6,Wed Oct 10 12:23:00 2018,0,"In this programming ecosystem, is the Python network growing? Will it connect to the SQL-HTML network? How?",https://i.redd.it/cgkmvr24q9r11.png
158,jordan_of_data,3,Wed Oct 10 10:17:38 2018,0,Python Keyboard Shortcuts,https://www.reddit.com/r/Python/comments/9mull1/python_keyboard_shortcuts/
159,Astoutfellow,11,Wed Oct 10 09:34:32 2018,1,Regex for formatting Timestamps after bad export,https://www.reddit.com/r/Python/comments/9mu9vq/regex_for_formatting_timestamps_after_bad_export/
160,throwaway_py,44,Wed Oct 10 08:03:52 2018,0,"Python core dev says newly proposed governance model should ""not have all white men"".",https://www.mail-archive.com/python-committers@python.org/msg06098.html
161,Chobeat,0,Wed Oct 10 06:47:03 2018,9,PyScaffold: a flexible scaffolding tool for Python,https://github.com/pyscaffold/pyscaffold
162,Mojimi,7,Wed Oct 10 04:56:55 2018,0,Django or Flask for a multi-plataform back-end REST-like API?,https://www.reddit.com/r/Python/comments/9mry86/django_or_flask_for_a_multiplataform_backend/
163,shirosaidev,4,Wed Oct 10 02:05:33 2018,40,Do emotions on Twitter affect stock prices?,https://github.com/shirosaidev/stocksight
164,dzecniv,1,Wed Oct 10 00:27:46 2018,3,"facond: Change the form dynamically depending on user actions, and predefined sets of actions and conditions",https://facond.readthedocs.io/en/master/tutorial.html
165,AutoModerator,97,Wed Oct 10 00:09:04 2018,18,What's everyone working on this week?,https://www.reddit.com/r/Python/comments/9mpg7l/whats_everyone_working_on_this_week/
166,pweipwei,2,Wed Oct 10 00:06:32 2018,2,Passing the current variable of a running function outside of the view with SSE. [FLASK],https://www.reddit.com/r/Python/comments/9mpfi4/passing_the_current_variable_of_a_running/
167,muwaahid,58,Tue Oct  9 23:25:11 2018,70,"Alright sticker's on the laptop so I have to commit to learning now, lest I become a poseur ;)",https://i.redd.it/5anoujgmv5r11.jpg
168,houtm035,1,Tue Oct  9 22:50:02 2018,4,Any news on Jython 2.7 for Java / JDK 11?,https://www.reddit.com/r/Python/comments/9mouwr/any_news_on_jython_27_for_java_jdk_11/
169,blarghmatey,0,Tue Oct  9 22:19:13 2018,14,PyWeek: A One Week Competition To Build A Game In Python (Interview),https://www.podcastinit.com/pyweek-with-daniel-pope-episode-182/
170,KiranKiller,163,Tue Oct  9 21:22:02 2018,376,Could Python‚Äôs Popularity Outperform JavaScript in the Next Five Years ?,https://i.redd.it/6spf61s985r11.png
171,Bot_Drakus_,9,Tue Oct  9 19:24:42 2018,16,Moving to Python 3 : A Decade Long Journey,https://bugs.chromium.org/p/gyp/issues/detail?id=36
172,thecoderkiller,0,Tue Oct  9 16:46:59 2018,3,Rich Presence for Discord about your YouTube video you're watching/listening to.,https://github.com/M4cs/Youtube-Rich-Presence-Discord
173,ibreakit,5,Tue Oct  9 15:34:41 2018,6,"my first python script - batch rename,crop,resize images (thoughts please)",https://github.com/snowyTheHamster/python-auto-img-crop-resizer
174,surfboardThrowAway06,5,Tue Oct  9 12:42:35 2018,3,Twisted - Dual IPv4 and IPv6 TCP server,https://www.reddit.com/r/Python/comments/9mlf4f/twisted_dual_ipv4_and_ipv6_tcp_server/
175,MikeTheWatchGuy,2,Tue Oct  9 11:24:28 2018,7,Webcam playback inside of a GUI using OpenCV + PySimpleGUI,https://www.reddit.com/r/Python/comments/9mkukj/webcam_playback_inside_of_a_gui_using_opencv/
176,mipadi,9,Tue Oct  9 09:26:03 2018,18,Reposurgeon‚Äôs Excellent Journey and the Waning of Python,http://esr.ibiblio.org/?p=8161
177,coleifer,0,Tue Oct  9 09:05:48 2018,12,Introduction to Redis streams with Python,http://charlesleifer.com/blog/redis-streams-with-python/
178,Alacritous,1,Tue Oct  9 05:15:52 2018,2,Want to give your micro-controller a textual user interface? picotui is designed for use with micropython and is standalone.,https://pypi.org/project/picotui/
179,judasblue,2,Tue Oct  9 05:15:19 2018,32,This year‚Äôs Nobel Prize in economics was awarded to a Python convert,https://qz.com/1417145/economics-nobel-laureate-paul-romer-is-a-python-programming-convert/
180,Blieg,2,Tue Oct  9 03:01:20 2018,1,App question - django or other?,https://www.reddit.com/r/Python/comments/9mgp4y/app_question_django_or_other/
181,teimy42,4,Tue Oct  9 01:57:30 2018,0,Range and for cicle for newbie,https://www.reddit.com/r/Python/comments/9mg3i4/range_and_for_cicle_for_newbie/
182,AnecD,48,Tue Oct  9 01:25:41 2018,858,Neat 'Python cheat sheet for Data Science' for beginners.,https://i.redd.it/ahetz5jtbzq11.jpg
183,tomchristie,0,Tue Oct  9 00:18:34 2018,15,"Hello, ASGI!",https://www.encode.io/articles/hello-asgi/
184,luziferjones,3,Mon Oct  8 23:50:33 2018,3,Python for Applied Mechanics ?,https://www.reddit.com/r/Python/comments/9mf0g8/python_for_applied_mechanics/
185,amitarora5423,1,Mon Oct  8 22:48:38 2018,33,Pandas by Solutions and Examples,http://www.pythonprogramming.in/pandas-examples.html
186,chris1610,0,Mon Oct  8 21:52:48 2018,13,Pandas Crosstab Explained - Practical Business Python,http://pbpython.com/pandas-crosstab.html
187,InternalCode,16,Mon Oct  8 21:51:20 2018,4,Creating PDFs in Python,https://www.reddit.com/r/Python/comments/9me64r/creating_pdfs_in_python/
188,Defelo,141,Mon Oct  8 21:45:08 2018,251,SHA-256 Python implementation in one line (lambda),https://www.reddit.com/r/Python/comments/9me4ug/sha256_python_implementation_in_one_line_lambda/
189,lemariva,0,Mon Oct  8 20:54:54 2018,11,Getting started with MicroPython: Adding Sensors to an ESP32/ESP8266 or WiPy,https://lemariva.com/blog/2018/06/tutorial-getting-started-with-micropython-sensors
190,stibbons_,14,Mon Oct  8 19:25:33 2018,9,"pip 18.1 breaks pipenv, why semver matters!",https://www.reddit.com/r/Python/comments/9mdd2l/pip_181_breaks_pipenv_why_semver_matters/
191,fzumstein,5,Mon Oct  8 17:36:32 2018,92,You can now call Python functions from VBA in all Microsoft Office apps (via xlwings),http://docs.xlwings.org/en/stable/whatsnew.html#v0-12-0-oct-7-2018
192,akshad_GL,0,Mon Oct  8 16:25:02 2018,0,5 Artificial Intelligence Technologies to Look Out For in 2019,https://www.reddit.com/r/Python/comments/9mcgz1/5_artificial_intelligence_technologies_to_look/
193,Asa_Ruxin,0,Mon Oct  8 14:15:49 2018,9,Anaconda Data Science Certification Courses,https://www.reddit.com/r/Python/comments/9mbpy2/anaconda_data_science_certification_courses/
194,datcrqbwitlongassarm,4,Mon Oct  8 11:26:38 2018,1,Python Auto USB Backup,https://www.reddit.com/r/Python/comments/9maloc/python_auto_usb_backup/
195,klo99,0,Mon Oct  8 11:08:37 2018,1,Keras: Regression-based neural networks,https://datascienceplus.com/keras-regression-based-neural-networks/
196,pocketMAD,5,Mon Oct  8 10:03:31 2018,0,Matplot.pyplot is not working on python 3,https://www.reddit.com/r/Python/comments/9ma1ff/matplotpyplot_is_not_working_on_python_3/
197,acemachine123,10,Mon Oct  8 08:07:49 2018,3,Python - developing interactive web application like R Shiny,https://www.reddit.com/r/Python/comments/9m97v9/python_developing_interactive_web_application/
198,abdullahadhaim,2,Mon Oct  8 07:17:28 2018,1,Flask JWT Expiration,https://www.reddit.com/r/Python/comments/9m8u47/flask_jwt_expiration/
199,tonysyu,3,Mon Oct  8 06:42:05 2018,27,Logquacious: Simple logging utilities to help you over-communicate,https://www.reddit.com/r/Python/comments/9m8k2u/logquacious_simple_logging_utilities_to_help_you/
200,tylersnard,0,Mon Oct  8 06:30:55 2018,2,Adding BLE to existing project,https://www.reddit.com/r/Python/comments/9m8gtc/adding_ble_to_existing_project/
201,CallmeanX,7,Mon Oct  8 05:11:03 2018,0,Question about Robotics,https://www.reddit.com/r/Python/comments/9m7suw/question_about_robotics/
202,petr31052018,7,Mon Oct  8 04:23:42 2018,5,"Flask API Quickstart Application with Json Web Tokens, SQLAlchemy and Pytest",https://stribny.name/blog/2018/10/flask-api-quickstart-application-with-json-web-tokens-sqlalchemy-and-pytest
203,kkamikaz3,0,Mon Oct  8 04:11:48 2018,2,Scheduling scrapy spiders in Jenkins,https://kirankoduru.github.io/python/jenkins-for-scrapy-spiders.html
204,m4xiJo,1,Mon Oct  8 04:11:05 2018,0,New Python specific Discord server,https://www.reddit.com/r/Python/comments/9m782g/new_python_specific_discord_server/
205,LaamimAyoub,7,Mon Oct  8 03:42:20 2018,3,"Help,Linear programming in Python",https://www.reddit.com/r/Python/comments/9m6ym9/helplinear_programming_in_python/
206,eredi93,3,Mon Oct  8 03:06:34 2018,2,lambda-git a package to install git in AWS lambda,https://www.reddit.com/r/Python/comments/9m6og6/lambdagit_a_package_to_install_git_in_aws_lambda/
207,thiplol,0,Mon Oct  8 03:02:28 2018,0,How to properly checks socks5 proxies,https://www.reddit.com/r/Python/comments/9m6nav/how_to_properly_checks_socks5_proxies/
208,Defelo,3,Mon Oct  8 02:47:37 2018,0,"Time-based One-time Password algorithm (RFC 6238) Python implementation in one line (without importing Base32, SHA-1 or HMAC, compatible with Google Authenticator)",https://www.reddit.com/r/Python/comments/9m6ipk/timebased_onetime_password_algorithm_rfc_6238/
209,Naphthalin,4,Mon Oct  8 02:42:57 2018,0,Hide python parameters in crontab,https://www.reddit.com/r/Python/comments/9m6hb2/hide_python_parameters_in_crontab/
210,cbsudux,0,Sun Oct  7 23:39:06 2018,0,Mumbai Rains & Delhi Smog : Covering the impact of the 2017 Mumbai Rains and Delhi Smog on Twitter visually.,https://www.reddit.com/r/Python/comments/9m53nt/mumbai_rains_delhi_smog_covering_the_impact_of/
211,NudeJr,4,Sun Oct  7 23:14:30 2018,0,Trouble with program to automate opening current projects,https://www.reddit.com/r/Python/comments/9m4y4b/trouble_with_program_to_automate_opening_current/
212,venorik,4,Sun Oct  7 23:00:48 2018,1,Anaconda package management for multiple projects and multiple users,https://www.reddit.com/r/Python/comments/9m4uxy/anaconda_package_management_for_multiple_projects/
213,HRT-713,7,Sun Oct  7 21:22:24 2018,5,Python programmer that wants to learn networking,https://www.reddit.com/r/Python/comments/9m4ctr/python_programmer_that_wants_to_learn_networking/
214,bambam3000,6,Sun Oct  7 20:20:26 2018,0,Could I generate money from a Python helper tool I've created for debugging on the terminal?,https://www.reddit.com/r/Python/comments/9m436q/could_i_generate_money_from_a_python_helper_tool/
215,CarelessDetective,0,Sun Oct  7 19:10:05 2018,0,vote for the best e-learning platform for studying python or anything u like,https://www.reddit.com/r/Python/comments/9m3t05/vote_for_the_best_elearning_platform_for_studying/
216,Nyd3r,1,Sun Oct  7 18:55:20 2018,5,I don't see the results of mysql command in Anaconda Spyder IDE,https://www.reddit.com/r/Python/comments/9m3qx9/i_dont_see_the_results_of_mysql_command_in/
217,Unixersis97,3,Sun Oct  7 18:37:59 2018,0,SQLAlchemy session?,https://www.reddit.com/r/Python/comments/9m3ojt/sqlalchemy_session/
218,MikeTheWatchGuy,5,Sun Oct  7 14:02:51 2018,13,I made a Process Killer Utility with a GUI,https://www.reddit.com/r/Python/comments/9m2dqe/i_made_a_process_killer_utility_with_a_gui/
219,cc9one,0,Sun Oct  7 10:47:29 2018,0,ATTENTION San Francisco Bay Area. New meet up on the streets.. It's called Py & Beer,https://www.reddit.com/r/Python/comments/9m15ce/attention_san_francisco_bay_area_new_meet_up_on/
220,thehaikuza,3,Sun Oct  7 10:39:31 2018,11,"I built a web app in Flask to convert recipes from volumetric to weight units, and to scale the recipe up or down!",http://recipe-converter-app.herokuapp.com/
221,Shakanag,2,Sun Oct  7 10:01:28 2018,5,I made a quadratic equation solver and grapher.,https://www.reddit.com/r/Python/comments/9m0u67/i_made_a_quadratic_equation_solver_and_grapher/
222,urishaked,3,Sun Oct  7 08:50:08 2018,2,Embedded Python: Cranking Performance Knob up to Eleven!,https://medium.com/@urish/embedded-python-cranking-performance-knob-up-to-eleven-df31a5940a63
223,sleaktrade,1,Sun Oct  7 08:48:52 2018,2,"When ""just enough"" is not enough...",https://www.reddit.com/r/Python/comments/9m0cce/when_just_enough_is_not_enough/
224,Farzaa,4,Sun Oct  7 08:35:03 2018,14,We built a website for gamers that uses video game driven examples to teach complete beginners Python. It was built it in 24 hours for a Y-Combinator hackathon and we wanted to share!,https://www.reddit.com/r/Python/comments/9m08pe/we_built_a_website_for_gamers_that_uses_video/
225,secret_magneticrobot,3,Sun Oct  7 08:13:53 2018,0,How do you deal with typos and misspelling in data?,https://www.reddit.com/r/Python/comments/9m0312/how_do_you_deal_with_typos_and_misspelling_in_data/
226,LobsterLAD,2,Sun Oct  7 07:36:40 2018,1,Web scraper troubles,https://www.reddit.com/r/Python/comments/9lzsl6/web_scraper_troubles/
227,PuTongHua,5,Sun Oct  7 07:04:38 2018,9,"Adding ""basic python"" to resume/CV",https://www.reddit.com/r/Python/comments/9lzjbg/adding_basic_python_to_resumecv/
228,evobe,3,Sun Oct  7 06:35:18 2018,2,simplifying code,https://www.reddit.com/r/Python/comments/9lzawm/simplifying_code/
229,nothingnobody1,23,Sun Oct  7 05:10:47 2018,4,Visual Studio Code vs. Sublime Text vs. Eclipse,https://www.reddit.com/r/Python/comments/9lylyw/visual_studio_code_vs_sublime_text_vs_eclipse/
230,HonziPonzi,2,Sun Oct  7 04:41:28 2018,4,Using Python to crawl a CSV and generate a de-duplicated list of requirements found in each test case?,https://www.reddit.com/r/Python/comments/9lycxe/using_python_to_crawl_a_csv_and_generate_a/
231,GhostFoxGoat,0,Sun Oct  7 04:25:00 2018,2,Help : Using pyshark to fetch documents sent to a printer,https://www.reddit.com/r/Python/comments/9ly7cp/help_using_pyshark_to_fetch_documents_sent_to_a/
232,pydry,4,Sun Oct  7 03:55:15 2018,5,CommandLib: cleaner code for running subprocesses,http://hitchdev.com/commandlib/
233,shayaknoob,7,Sun Oct  7 03:22:51 2018,0,Python one-liners are üëå,https://i.redd.it/4t0rilbenlq11.jpg
234,EddyIsReady,1,Sun Oct  7 03:09:43 2018,0,Find best combination of objects from a list,https://www.reddit.com/r/Python/comments/9lxkio/find_best_combination_of_objects_from_a_list/
235,_____WINTERMUTE_____,0,Sun Oct  7 02:20:04 2018,2,Shellab - a Linux and Windows shellcode enrichment utility,https://github.com/TheSecondSun/Shellab
236,stillreadingit_,18,Sun Oct  7 01:26:26 2018,64,Best practices for Python development,https://github.com/jerry-git/learn-python3/blob/master/README.md#best-practices
237,AnecD,362,Sun Oct  7 01:00:28 2018,850,"""Python is becoming the world‚Äôs most popular coding language"" via The Economist!",https://i.redd.it/728jemquxkq11.png
238,_vargs_,2,Sat Oct  6 23:52:06 2018,0,The Python Unicode Mess,http://changelog.complete.org/archives/9938-the-python-unicode-mess
239,jhermann_,4,Sat Oct  6 23:16:36 2018,9,Building Python DEB Packages in Docker,https://www.reddit.com/r/Python/comments/9lvv9s/building_python_deb_packages_in_docker/
240,ShirtAndMuayThai,17,Sat Oct  6 23:00:47 2018,2,Mid range laptop for python/programming,https://www.reddit.com/r/Python/comments/9lvrlw/mid_range_laptop_for_pythonprogramming/
241,Defelo,20,Sat Oct  6 21:12:38 2018,26,SHA-1 Python implementation in one line (lambda),https://www.reddit.com/r/Python/comments/9lv68u/sha1_python_implementation_in_one_line_lambda/
242,Gobitz,31,Sat Oct  6 19:42:41 2018,327,Automation at its finest ;),https://i.redd.it/wus2t002djq11.png
243,rexilf,4,Sat Oct  6 17:10:04 2018,1,Django+Angular on Windows,https://www.reddit.com/r/Python/comments/9lu3fs/djangoangular_on_windows/
244,tryntofindhappyness,3,Sat Oct  6 15:09:51 2018,1,Do I make an entry for port x in apache vhost if I run Django on port x?,https://www.reddit.com/r/Python/comments/9lthtu/do_i_make_an_entry_for_port_x_in_apache_vhost_if/
245,shopifyusa,4,Sat Oct  6 14:01:07 2018,0,Just learned python üòä,https://www.reddit.com/r/Python/comments/9lt3x2/just_learned_python/
246,Davidson2727what,9,Sat Oct  6 13:53:56 2018,11,setting path for opencv install ubuntu 16,https://www.reddit.com/r/Python/comments/9lt2hw/setting_path_for_opencv_install_ubuntu_16/
247,makarmakar,4,Sat Oct  6 13:20:11 2018,4,Declarative library for building command-line tools,https://github.com/xhjkl/action.py
248,tKnickerbocker,6,Sat Oct  6 08:59:16 2018,4,Why do I find Python so hard?,https://www.reddit.com/r/Python/comments/9lr6vu/why_do_i_find_python_so_hard/
249,aummahgerd,2,Sat Oct  6 05:53:35 2018,2,Package management?,https://www.reddit.com/r/Python/comments/9lpm8i/package_management/
250,indian_pythonista,0,Sat Oct  6 05:17:47 2018,1,"Creating a Reliable, Random Web Proxy Request Application using Python",https://youtu.be/n3uSyqoBgQI
251,arutneveca,225,Sat Oct  6 04:46:23 2018,270,So what have YOU automated at home?,https://www.reddit.com/r/Python/comments/9lp1mn/so_what_have_you_automated_at_home/
252,gasegG,21,Sat Oct  6 04:35:06 2018,89,I made a library to print text like in spy action movies (link in desc),https://www.reddit.com/r/Python/comments/9loy1j/i_made_a_library_to_print_text_like_in_spy_action/
253,bellbuttomblues,1,Sat Oct  6 02:47:25 2018,6,Spanish vocabulary app,https://www.reddit.com/r/Python/comments/9lnz38/spanish_vocabulary_app/
254,botoxdi,1,Sat Oct  6 01:08:56 2018,8,Botox Injector - make your code beautiful (DI pattern based on Python annotations),https://gitlab.com/lebedev.games/botox-di
255,7600_slayer,0,Sat Oct  6 00:52:00 2018,3,Retrieving executed tasks from Celery Redbeat Scheduler?,https://www.reddit.com/r/Python/comments/9lmy8q/retrieving_executed_tasks_from_celery_redbeat/
256,madducks,2,Sat Oct  6 00:17:22 2018,3,Since we're sharing useless python doodles...,https://www.reddit.com/r/Python/comments/9lmnzv/since_were_sharing_useless_python_doodles/
257,theraspberryguy,0,Fri Oct  5 23:40:40 2018,2,"Meet R3-14, My Personal Assistant",https://medium.com/@thesanjeetc/https-medium-com-thesanjeetc-meet-r3-14-my-personal-assistant-e22bee7fc47d
258,dolphinboy1637,2,Fri Oct  5 23:05:10 2018,6,Fitting Polynomial Regressions in Python,https://joshualoong.com/2018/10/03/Fitting-Polynomial-Regressions-in-Python/
259,abcdefgrapes,4,Fri Oct  5 20:56:10 2018,2,Are there any recovery solutions for IDLE?,https://www.reddit.com/r/Python/comments/9ll8nr/are_there_any_recovery_solutions_for_idle/
260,lemariva,0,Fri Oct  5 20:34:46 2018,5,Switching LED Colors using an ESP32 running MicroPython and Amazon Echo (Alexa),https://www.youtube.com/attribution_link?a=NqxP6hfGMYw&u=%2Fwatch%3Fv%3DkkF3HfXV59I%26feature%3Dshare
261,1991viet,40,Fri Oct  5 20:07:11 2018,229,"ASCII generator (image2text, image2image and video2video) written in Python (Github repo: https://github.com/1991viet/ASCII-generator)",https://i.redd.it/yx2p4cpmccq11.gif
262,carlosplanchon,3,Fri Oct  5 18:24:05 2018,7,I have made a package to render LineCharts and Spreadsheets on terminal.,https://www.reddit.com/r/Python/comments/9lkfsq/i_have_made_a_package_to_render_linecharts_and/
263,PavanBelagatti,1,Fri Oct  5 17:10:18 2018,35,How to build your own Neural Network from scratch in Python,https://towardsdatascience.com/how-to-build-your-own-neural-network-from-scratch-in-python-68998a08e4f6
264,wofl,25,Fri Oct  5 13:18:53 2018,675,Generating an image containing all possible colors (in 24-bit) using hilbert curves in python,https://i.redd.it/ioszzoswaaq11.png
265,stanislavb,1,Fri Oct  5 12:24:09 2018,8,Awesome Python Newsletter - Issue 124,https://python.libhunt.com/newsletter/124
266,thecoderkiller,0,Fri Oct  5 12:19:41 2018,0,Tweecon - Twitter Recon Script Used To Track Keywords in Real Time on Twitter Using Tweepy,https://github.com/M4cs/Tweecon
267,chroner,6,Fri Oct  5 08:39:19 2018,2,I created a quick python class to help me manage my SQLite3 databases,https://www.reddit.com/r/Python/comments/9lgosh/i_created_a_quick_python_class_to_help_me_manage/
268,caligolae,42,Fri Oct  5 08:21:54 2018,213,I built this thing to make coding interviews suck less,https://www.reddit.com/r/Python/comments/9lgjvk/i_built_this_thing_to_make_coding_interviews_suck/
269,brendanmcd96,0,Fri Oct  5 08:05:43 2018,6,"Python, NLTK, and the Digital Humanities: Finding Patterns in Gothic Literature",https://kite.com/blog/python-digital-humanities-gothic-literature-nltk
270,ajx_711,2,Fri Oct  5 05:54:38 2018,3,Are you working on any projects in which we can help?,https://www.reddit.com/r/Python/comments/9lfahk/are_you_working_on_any_projects_in_which_we_can/
271,PinkFrojd,0,Fri Oct  5 05:26:58 2018,2,Found a beautiful Python haiku illustration on Heroku !,https://www.reddit.com/r/Python/comments/9lf1qe/found_a_beautiful_python_haiku_illustration_on/
272,manatlan,0,Fri Oct  5 05:12:10 2018,0,**vbuild** let you use python components in vuejs app !,https://www.reddit.com/r/Python/comments/9lewx1/vbuild_let_you_use_python_components_in_vuejs_app/
273,apoclyps,1,Fri Oct  5 04:54:38 2018,0,"Muxer, an open-source events aggregator build Python is accepting #hacktoberfest contributions",https://muxer.co.uk
274,TarumK,6,Fri Oct  5 04:52:37 2018,0,How do you deal with large primes in python?,https://www.reddit.com/r/Python/comments/9leqkq/how_do_you_deal_with_large_primes_in_python/
275,Viktheguy,3,Fri Oct  5 03:30:44 2018,0,Prime factor finder,https://www.reddit.com/r/Python/comments/9le0ch/prime_factor_finder/
276,filippovd20,8,Fri Oct  5 02:53:40 2018,40,Python Software Foundation launches the official Python Developers Survey 2018,https://www.reddit.com/r/Python/comments/9ldoaw/python_software_foundation_launches_the_official/
277,Scriptorium-,10,Fri Oct  5 02:53:07 2018,1,Discussion: should there be a more concise ways to write this?,https://www.reddit.com/r/Python/comments/9ldo3z/discussion_should_there_be_a_more_concise_ways_to/
278,e_ameisen,0,Fri Oct  5 02:24:25 2018,2,How to deliver on Machine Learning projects,https://blog.insightdatascience.com/how-to-deliver-on-machine-learning-projects-c8d82ce642b0
279,SeanTAllen,3,Fri Oct  5 02:10:06 2018,1,Wallaroo goes full Apache 2.0,https://blog.wallaroolabs.com/2018/10/wallaroo-goes-full-apache-2.0/
280,genericlemon24,0,Fri Oct  5 02:07:35 2018,1,reader: an Atom/RSS feed aggregator library with minimal web interface,https://github.com/lemon24/reader/
281,ttttttony,6,Fri Oct  5 01:57:34 2018,1,Does pyspotify still work?,https://www.reddit.com/r/Python/comments/9ld5qj/does_pyspotify_still_work/
282,omarfryhan,6,Fri Oct  5 01:50:45 2018,22,I wrote a new web API wrapper for Spotify,https://www.reddit.com/r/Python/comments/9ld3kb/i_wrote_a_new_web_api_wrapper_for_spotify/
283,lookatmetype,75,Fri Oct  5 00:47:07 2018,335,python's itertools library has some interesting functions,https://i.redd.it/7n901vfrl6q11.png
284,InternationalDirt,0,Fri Oct  5 00:26:31 2018,1,Matplotlib streamplot arrow position,https://www.reddit.com/r/Python/comments/9lcd63/matplotlib_streamplot_arrow_position/
285,d_little_b,0,Thu Oct  4 23:35:23 2018,2,"Python LX - The first meetup! (14 Nov; Lisbon, Portugal)",https://www.meetup.com/Python-LX/events/255235122/
286,apmarek,0,Thu Oct  4 23:27:06 2018,1,Cool resource for learning Python,https://www.reddit.com/r/Python/comments/9lbvme/cool_resource_for_learning_python/
287,earthboundkid,0,Thu Oct  4 21:34:58 2018,1,The Many Interesting Ideas in Datasette,http://simonwillison.net/2018/Oct/4/datasette-ideas/
288,thenomadicmonad,0,Thu Oct  4 21:29:44 2018,5,Tutorial: Launch your personal genomics cloud-app in 15 min (aws/genetics/python/ML),https://medium.com/@thousandroses420/tutorial-launch-your-personal-genomics-cloud-app-in-15-min-aws-genetics-python-ml-b0d1540e6e70
289,Scrabbilisk,3,Thu Oct  4 18:20:53 2018,16,Redirect to python docs for YOUR python version,https://www.reddit.com/r/Python/comments/9la01i/redirect_to_python_docs_for_your_python_version/
290,breamoreboy,1,Thu Oct  4 17:58:02 2018,6,Nuitka this week #8,http://nuitka.net/posts/nuitka-this-week-8.html
291,ramonsaraiva,30,Thu Oct  4 16:38:07 2018,118,So I needed to organize my pictures,https://github.com/ramonsaraiva/pictory
292,DifficultSundae,7,Thu Oct  4 14:28:53 2018,1,Python Library For Interaction With SNES Emulator?,https://www.reddit.com/r/Python/comments/9l8po7/python_library_for_interaction_with_snes_emulator/
293,BelizeTourismOffice,3,Thu Oct  4 13:34:51 2018,2,I am an Automation Tester who uses Java with Selenium. I don't know Python yet. I have a task which needs me to scrape data from an Onion website over Tor. Is there any way Python can come in handy here?,https://www.reddit.com/r/Python/comments/9l8cv7/i_am_an_automation_tester_who_uses_java_with/
294,Markl5320,7,Thu Oct  4 11:50:33 2018,0,Install python in windows without download exe file,https://www.reddit.com/r/Python/comments/9l7lmi/install_python_in_windows_without_download_exe/
295,stunods57,3,Thu Oct  4 06:10:34 2018,12,Temporal SQLAlchemy vs SQLAlchemy Continuum,https://www.reddit.com/r/Python/comments/9l4v0g/temporal_sqlalchemy_vs_sqlalchemy_continuum/
296,hurstshifter7,3,Thu Oct  4 04:56:06 2018,3,"Using MimeMultiPart to craft emails, trouble updating subject",https://www.reddit.com/r/Python/comments/9l45gm/using_mimemultipart_to_craft_emails_trouble/
297,quanteconomics,43,Thu Oct  4 04:36:18 2018,70,"No, Python is Not Too Slow for Computational Economics",http://notes.quantecon.org/submission/5bae5cb538674f000fd2c8e3
298,OpenSourcePro,0,Thu Oct  4 03:20:12 2018,1,The Things Gateway - A Pythonic Rule System,http://www.twobraids.com/2018/10/the-things-gateway-pythonic-rule-system.html
299,Zoe512,0,Thu Oct  4 03:01:24 2018,0,Spell.run errors,https://www.reddit.com/r/Python/comments/9l303p/spellrun_errors/
300,CantankerousMind,48,Thu Oct  4 02:44:19 2018,200,"I started making my first game in Python, without any assets, and it's actually kind of fun to play",https://www.reddit.com/r/Python/comments/9l2v9i/i_started_making_my_first_game_in_python_without/
301,endlesstrax,3,Thu Oct  4 01:59:46 2018,11,Building and Documenting Python REST APIs With Flask and Connexion ‚Äì Part 2 ‚Äì Real Python,https://realpython.com/flask-connexion-rest-api-part-2/
302,imastudentofpython,3,Wed Oct  3 23:52:25 2018,2,Connecting to Google Sheets as Login,https://www.reddit.com/r/Python/comments/9l1cgo/connecting_to_google_sheets_as_login/
303,meticulous_badger,35,Wed Oct  3 23:26:21 2018,22,Why do you use Python?,https://www.reddit.com/r/Python/comments/9l14y8/why_do_you_use_python/
304,dm03514,0,Wed Oct  3 22:36:55 2018,1,DevOps: Decision Making: Applying ROI Based Analysis using Python,https://medium.com/dm03514-tech-blog/devops-decision-making-applying-roi-based-analysis-6f6301ca6123
305,pknerd,0,Wed Oct  3 21:34:16 2018,3,Schedule web scrapers with Apache Airflow,http://blog.adnansiddiqi.me/schedule-web-scrapers-with-apache-airflow?utm_source=r_python_airflow_scraper&utm_medium=reddit_python&utm_campaign=c_r_python_airflow_scraper
306,lemariva,0,Wed Oct  3 21:01:51 2018,10,Getting started with MicroPython (ESP32/ESP8266/WiPy etc.),https://lemariva.com/blog/2017/10/micropython-getting-started
307,cricketsavant,14,Wed Oct  3 20:02:36 2018,151,Deploying a simple Flask app using AWS - tutorial,https://imrankhan17.github.io/pages/flask.html
308,FourFingeredMartian,8,Wed Oct  3 12:55:10 2018,11,Python Collections Library Abstract Base Class (ABC) Question,https://www.reddit.com/r/Python/comments/9kxcbi/python_collections_library_abstract_base_class/
309,Mighty_Ghost_Hack,0,Wed Oct  3 11:52:27 2018,1,G-Bomber Python Script | Ascii Color Code,https://youtu.be/OXRD1ej6U_w
310,subtly_homoiconic,6,Wed Oct  3 07:07:15 2018,1,Rapid development/tight feedback loop in Python?,https://www.reddit.com/r/Python/comments/9kuna6/rapid_developmenttight_feedback_loop_in_python/
311,dynamicwebpaige,9,Wed Oct  3 06:06:33 2018,41,Neuron 1.0: An interactive data science extension for VS Code. ‚ú®,https://www.reddit.com/r/Python/comments/9ku3xa/neuron_10_an_interactive_data_science_extension/
312,Accomplished_Egg,6,Wed Oct  3 05:01:44 2018,1,Networks in python (Alternatives to networkX?),https://www.reddit.com/r/Python/comments/9ktiw1/networks_in_python_alternatives_to_networkx/
313,SeanTAllen,0,Wed Oct  3 04:46:37 2018,19,Wallaroo 0.5.3 released,https://github.com/WallarooLabs/wallaroo/releases
314,Nervedamageyoung,6,Wed Oct  3 03:33:55 2018,7,"So python sub, back again, what have you automated this week?:D",https://www.reddit.com/r/Python/comments/9ksq72/so_python_sub_back_again_what_have_you_automated/
315,smilinreap,16,Wed Oct  3 03:30:39 2018,13,My job told me recently they would pay for any credential programs. Any recommended course lists?,https://www.reddit.com/r/Python/comments/9ksp4n/my_job_told_me_recently_they_would_pay_for_any/
316,Mightylordx,6,Wed Oct  3 01:02:01 2018,1,Industry Experience Question,https://www.reddit.com/r/Python/comments/9krdas/industry_experience_question/
317,ajx_711,4,Wed Oct  3 00:19:20 2018,2,Which text to speech library/API has most realistic voices?,https://www.reddit.com/r/Python/comments/9kr0d7/which_text_to_speech_libraryapi_has_most/
318,patarapolw,5,Wed Oct  3 00:15:44 2018,1,"Using both Dataset and SQLAlchemy -- doing NoSQL style, without losing the power of SQL",https://www.reddit.com/r/Python/comments/9kqzca/using_both_dataset_and_sqlalchemy_doing_nosql/
319,AutoModerator,71,Wed Oct  3 00:09:59 2018,18,What's everyone working on this week?,https://www.reddit.com/r/Python/comments/9kqxkg/whats_everyone_working_on_this_week/
320,SubstantialStretch,11,Tue Oct  2 23:54:22 2018,0,Why is there a distinction between async functions and synchronous?,https://www.reddit.com/r/Python/comments/9kqt23/why_is_there_a_distinction_between_async/
321,rahuldev29,33,Tue Oct  2 22:02:12 2018,296,Complete guide on Generating Random Data in Python,https://pynative.com/python-random-module/
322,TheTaiSei,2,Tue Oct  2 21:04:32 2018,0,"University report, I need your help Redditors =)",https://www.reddit.com/r/Python/comments/9kpn9z/university_report_i_need_your_help_redditors/
323,basjj,13,Tue Oct  2 19:52:33 2018,24,An attempt to generate true random data with audio (and your computer's built-in microphone),https://josephbasquin.fr/audiorandomness
324,Fewthp,0,Tue Oct  2 17:18:26 2018,1,Language awards: war of codes,https://medium.com/p/d751eb386184
325,macdaddymarte,1,Tue Oct  2 16:17:26 2018,4,Create Visuals for your CSV data using Matplotlib and Pandas,https://www.thinktreeit.com/programming/python/matplotlib-pandas-plot-csv-data-example/
326,blarghmatey,0,Tue Oct  2 12:17:19 2018,2,The Basics Of Secrets Management For Software Engineers (Interview),https://www.podcastinit.com/managing-application-secrets-with-brian-kelly-episode-181/
327,thecoderkiller,0,Tue Oct  2 11:47:52 2018,1,[Release] DarkSpiritz Penetration Testing/Exploit Framework Released for Community. If you would like to help work on this feel free to make PR's and upload your own plugins!,https://github.com/DarkSpiritz/DarkSpiritz
328,Arch-,0,Tue Oct  2 11:36:22 2018,19,"Great talk about how objects are stored in memory, and garbage collection in general",https://www.youtube.com/watch?v=F6u5rhUQ6dU&index=5&list=PLWOgCnnqygQ3XLPJIGUoKkGOQ5swogPdC
329,lordmauve,2,Tue Oct  2 09:40:15 2018,10,Making a game for Pyweek Game Jam with Mu,http://madewith.mu/mu/games/2018/10/01/pyweek26.html
330,huggissimo,12,Tue Oct  2 07:25:05 2018,5,You shouldn't use Python 3.7 for data science right now,https://www.opensourceanswers.com/blog/you-shouldnt-use-python-37-for-data-science-right-now.html
331,MikeTheWatchGuy,1,Tue Oct  2 07:24:19 2018,2,Tutorial - Build a CPU Utilization Meter using PySimpleGUI,https://www.reddit.com/r/Python/comments/9kkine/tutorial_build_a_cpu_utilization_meter_using/
332,brendanmcd96,6,Tue Oct  2 06:33:20 2018,25,Python in the Command Line: A Tutorial on Click,https://owlskip.com/s/click
333,doubledundercoder,2,Tue Oct  2 06:07:18 2018,3,dictlib - Dictionary Library including good deep merge and dictionary as objects,https://pypi.org/project/dictlib/
334,daneah,21,Tue Oct  2 04:13:52 2018,5,apiron: A Python package for creating declarative API interactions,https://github.com/ithaka/apiron
335,NahidMuz,8,Tue Oct  2 03:48:31 2018,12,Open Source projects to contribute to on Github for Hacktoberfest!,https://www.reddit.com/r/Python/comments/9kil12/open_source_projects_to_contribute_to_on_github/
336,Daddypooch,2,Tue Oct  2 03:33:08 2018,2,My First Project - Advice?,https://www.reddit.com/r/Python/comments/9kifze/my_first_project_advice/
337,JMSPVRLL,5,Tue Oct  2 02:01:18 2018,1,"Students learning Python, what are the big issues for you?",https://www.reddit.com/r/Python/comments/9khlsy/students_learning_python_what_are_the_big_issues/
338,secomax,38,Tue Oct  2 01:25:24 2018,351,PyQt5 tutorial ‚Äì Python GUI programming examples,https://likegeeks.com/pyqt5-tutorial/
339,NTGuardian,4,Tue Oct  2 01:21:06 2018,79,"My Tutorial Book on Anaconda, NumPy and Pandas Is Out: Hands-On Data Analysis with NumPy and Pandas",https://ntguardian.wordpress.com/2018/10/01/my-tutorial-book-on-anaconda-numpy-and-pandas-is-out-hands-on-data-analysis-with-numpy-and-pandas/
340,sepandhaghighi,0,Mon Oct  1 23:47:49 2018,7,PyCM : Multi-class confusion matrix library in Python,https://github.com/sepandhaghighi/pycm
341,3dnanK,2,Mon Oct  1 23:32:15 2018,8,Logorain-ASCII-Art: a simple python script that convert image to ASCII Art :),https://github.com/3adnanK/Logorain-ASCII-Art
342,sobolevn,7,Mon Oct  1 22:34:33 2018,4,Flake8 plugin to validate type annotations style,https://github.com/sobolevn/flake8-type-annotations
343,frenchdic,0,Mon Oct  1 20:26:15 2018,2,Blogger is built in Python?,https://youtu.be/ST336FToRuE
344,horejsek,22,Mon Oct  1 17:04:28 2018,36,Fast JSON Schema for Python,https://blog.horejsek.com/fastjsonschema/
345,MeleysTargaryen,301,Mon Oct  1 13:05:28 2018,417,"What tasks have you automated using python, and how much time did you save?",https://www.reddit.com/r/Python/comments/9kcpqd/what_tasks_have_you_automated_using_python_and/
346,o-rka,4,Mon Oct  1 12:05:21 2018,2,What modules are plotting wrappers around matplotlib?,https://www.reddit.com/r/Python/comments/9kca9k/what_modules_are_plotting_wrappers_around/
347,QuiteRather,16,Mon Oct  1 10:35:32 2018,3,"""Do something interesting with strings""",https://www.reddit.com/r/Python/comments/9kblt4/do_something_interesting_with_strings/
348,un_geek,1,Mon Oct  1 09:24:26 2018,13,FyIRCd - An other python IRC Server,https://www.reddit.com/r/Python/comments/9kb2u3/fyircd_an_other_python_irc_server/
349,TDHale,15,Mon Oct  1 08:24:51 2018,5,Practical way to format python code in pycharm?,https://www.reddit.com/r/Python/comments/9kamq3/practical_way_to_format_python_code_in_pycharm/
350,jockero701,7,Mon Oct  1 05:09:28 2018,16,How does this guy type so fast?,https://youtu.be/ve7lLHtJ9l8?t=803
351,jgkamat,1,Mon Oct  1 05:03:39 2018,7,RMSbolt - A powerful assembly/bytecode viewer for Emacs (supporting python bytecode w/ 3.7),https://gitlab.com/jgkamat/rmsbolt
352,dvdgc13,0,Sun Sep 30 23:15:46 2018,2,Weather forecast for your next holidays,https://www.reddit.com/r/Python/comments/9k69sv/weather_forecast_for_your_next_holidays/
353,codr4,4,Sun Sep 30 23:04:58 2018,4,Benchmarking exceptions,https://www.reddit.com/r/Python/comments/9k67e4/benchmarking_exceptions/
354,marearts,0,Sun Sep 30 21:54:19 2018,5,QR (bar) code generator (python),https://www.reddit.com/r/Python/comments/9k5tmd/qr_bar_code_generator_python/
355,DragonWraithus,4,Sun Sep 30 20:40:29 2018,0,Is this war?,https://www.reddit.com/r/Python/comments/9k5e1e/is_this_war/
356,gadgetoid,23,Sun Sep 30 19:59:58 2018,33,Cassettes? Peh! I present: snakes in Python 0.9.1,https://i.redd.it/qtbotk7mmcp11.png
357,Farranor,2,Sun Sep 30 18:55:22 2018,7,Vintage media in a single 1337-character line,https://www.reddit.com/r/Python/comments/9k4ul2/vintage_media_in_a_single_1337character_line/
358,pbccd,67,Sun Sep 30 17:33:19 2018,548,"""Automate the Boring Stuff with Python"" is available in Humble Bundle for $1",https://humblebundle.com/books/learn-you-some-code-books/
359,malinoff,0,Sun Sep 30 13:07:05 2018,43,"IPython 7.0, Async REPL ‚Äì Jupyter Blog",https://blog.jupyter.org/ipython-7-0-async-repl-a35ce050f7f7
360,m9mhmdy,10,Sun Sep 30 11:48:09 2018,0,A cool python strings trick,https://www.reddit.com/r/Python/comments/9k2gck/a_cool_python_strings_trick/
361,ahmadalhour,3,Sun Sep 30 07:45:31 2018,1,Cookiecutter Template for using SQLAlchemy Asynchronously with Python 3 and Aiohttp,https://www.reddit.com/r/Python/comments/9k0u66/cookiecutter_template_for_using_sqlalchemy/
362,ne38,19,Sun Sep 30 06:55:49 2018,2,error in python3 c extension module,https://www.reddit.com/r/Python/comments/9k0gkb/error_in_python3_c_extension_module/
363,Sn0wlizz4rd,1,Sun Sep 30 05:48:57 2018,2,Made script to download videos from VGTV and VG,https://github.com/sdushantha/vgtv-dl
364,dank_memer44,10,Sun Sep 30 04:16:31 2018,11,Since this is popular now I thought I would take my jab at it through the use of list comprehensions. Stole idea from /u/flobbley and stole the box design from /u/Khaled-M-King,https://i.redd.it/9gjktctly7p11.jpg
365,Khaled-M-King,39,Sun Sep 30 01:14:29 2018,291,Inspired by the bored cassettes guy at work (u/flobbley),https://i.redd.it/8eqakwu327p11.png
366,omkarpathak27,5,Sat Sep 29 23:29:29 2018,0,Python Word Counter Module. Need contributors and ideas,https://github.com/OmkarPathak/Word-Counter
367,bjoerns,2,Sat Sep 29 23:26:28 2018,5,Celery task states: More than SUCCESS and FAILURE,https://www.distributedpython.com/2018/09/28/celery-task-states
368,Oxbowerce,37,Sat Sep 29 22:09:01 2018,10,Hosting my python web scraper online,https://www.reddit.com/r/Python/comments/9jw3mn/hosting_my_python_web_scraper_online/
369,gaojiuli,4,Sat Sep 29 18:58:29 2018,7,High performance async web framework built with uvloop and httptools.,https://github.com/gaojiuli/xweb
370,soul4rent,8,Sat Sep 29 10:48:55 2018,26,Automate the Boring Stuff with Python - Charity,https://i.redd.it/1cu2hkqkr2p11.gif
371,sprashoo,2,Sat Sep 29 07:01:16 2018,2,"Question about AWS Lambda, python, and globals",https://www.reddit.com/r/Python/comments/9jqsbr/question_about_aws_lambda_python_and_globals/
372,Tiktoor,8,Sat Sep 29 06:43:20 2018,0,Stuck on upgrading PIP,https://www.reddit.com/r/Python/comments/9jqn52/stuck_on_upgrading_pip/
373,manolesparta,9,Sat Sep 29 06:40:55 2018,1,How do I make a chat server without the sockets library,https://www.reddit.com/r/Python/comments/9jqmfp/how_do_i_make_a_chat_server_without_the_sockets/
374,faded_filth,0,Sat Sep 29 06:33:52 2018,1,GlowScript,http://www.glowscript.org/
375,faded_filth,0,Sat Sep 29 05:49:56 2018,4,A simple clock implemented in pygtk and cairo,http://ralph-glass.homepage.t-online.de/clock/readme.html
376,cristinon,0,Sat Sep 29 05:22:48 2018,5,Generate Lenticular Images,https://github.com/NoahCristino/Lenticular-Generator
377,anonumaus,7,Sat Sep 29 02:45:29 2018,0,Best way to earn money for beginner python developer?,https://www.reddit.com/r/Python/comments/9jolej/best_way_to_earn_money_for_beginner_python/
378,krispy2009,1,Sat Sep 29 02:02:34 2018,5,Python microservices with Nameko,https://youtu.be/NMvIOdfAJio
379,Data48,5,Sat Sep 29 02:02:00 2018,12,I was bored at school and had to study for a history test so I made a script that would help me study!,https://www.reddit.com/r/Python/comments/9jo81k/i_was_bored_at_school_and_had_to_study_for_a/
380,pswami,0,Sat Sep 29 01:58:09 2018,8,How I Found Myself Learning About Time Changes in the Western Soviet Union,https://www.nylas.com/blog/how-i-found-myself-learning-about-time-changes-in-the-western-soviet-union
381,TheBlackCat13,2,Sat Sep 29 01:07:50 2018,32,"IPython 7.0 released, Async REPL",https://blog.jupyter.org/ipython-7-0-async-repl-a35ce050f7f7
382,__order_and_chaos,4,Sat Sep 29 00:49:40 2018,12,Project Management & LaTeX Invoice Generator,https://www.reddit.com/r/Python/comments/9jnlqf/project_management_latex_invoice_generator/
383,flobbley,131,Sat Sep 29 00:32:36 2018,1780,I'm really bored at work,https://i.redd.it/ggnkwkjopzo11.png
384,Raidicus,78,Fri Sep 28 23:50:23 2018,13,Is it still common wisdom that I should be programming on a linux distro? 2018 edition.,https://www.reddit.com/r/Python/comments/9jn413/is_it_still_common_wisdom_that_i_should_be/
385,pruthvikumarbk,1,Fri Sep 28 20:45:14 2018,0,[HOT] - PROTON | Automagic Python Framework of 2018!,https://www.reddit.com/r/Python/comments/9jlwgq/hot_proton_automagic_python_framework_of_2018/
386,Skelouse,41,Fri Sep 28 18:32:35 2018,85,"My first actual program, takes a DNA file filled with A G, G G, T G... etc. removes the tabs, and counts how many times each combination occurs. Let me know what you think?!",https://github.com/skelouse/DnaDecoder
387,Bachchan_Fan,3,Fri Sep 28 14:37:37 2018,0,Fixnames: A Python utility to scan and fix linux filenames with special characters by renaming them,https://github.com/prahladyeri/fixnames
388,ubuntu_mate,13,Fri Sep 28 12:31:41 2018,5,Why doesn't distutils support DEB platform though it supports RPM?,https://www.reddit.com/r/Python/comments/9jj5fh/why_doesnt_distutils_support_deb_platform_though/
389,justanotherbody,4,Fri Sep 28 11:09:53 2018,6,Does anyone recall an article about using the C API to manage objects/memory manually?,https://www.reddit.com/r/Python/comments/9jil05/does_anyone_recall_an_article_about_using_the_c/
390,SythIAm,10,Fri Sep 28 11:06:04 2018,5,Anywhere to upload and run .py scripts?,https://www.reddit.com/r/Python/comments/9jik2y/anywhere_to_upload_and_run_py_scripts/
391,FizzBuzz111,91,Fri Sep 28 11:00:49 2018,56,Using Python on a MacBook,https://www.reddit.com/r/Python/comments/9jiipk/using_python_on_a_macbook/
392,rraghur,2,Fri Sep 28 10:57:34 2018,21,Fruzzy - a freaky fast fuzzy finder for Neovim ¬∑ Nifty tidbits!,https://blog.rraghur.in/2018/09/27/fruzzy---a-freaky-fast-fuzzy-finder-for-vim/neovim/
393,breamoreboy,9,Fri Sep 28 06:18:21 2018,60,Nuitka Release 0.6.0,http://nuitka.net/posts/nuitka-release-060.html
394,treyhunner,29,Fri Sep 28 04:50:20 2018,0,Stop writing lambda expressions in Python,http://treyhunner.com/2018/09/stop-writing-lambda-expressions/
395,arsnlsnk,2,Fri Sep 28 03:21:20 2018,1,I created CLI tool to quickly start Django project,https://www.reddit.com/r/Python/comments/9jet1p/i_created_cli_tool_to_quickly_start_django_project/
396,FloorJam,6,Fri Sep 28 02:37:10 2018,3,Experiences with envisage,https://www.reddit.com/r/Python/comments/9jef4f/experiences_with_envisage/
397,prakashdanish,7,Fri Sep 28 02:31:18 2018,4,Write a shell in Python,https://danishprakash.github.io/2018/09/27/shell-in-python.html
398,gerryjenkinslb,0,Fri Sep 28 01:54:40 2018,2,"PyCharm New Projects, Packages, and Virtual Evironments",https://youtu.be/GU1JmKudNng
399,japaget,0,Fri Sep 28 01:28:45 2018,5,Python Insider: Python 3.7.1rc1 and 3.6.7rc1 now available for testing,https://pythoninsider.blogspot.com/2018/09/python-371rc1-and-367rc1-now-available.html
400,ApproximateIdentity,4,Thu Sep 27 23:50:10 2018,17,Thomas Nyberg:How and why to write Python binary extension modules using C++,https://youtu.be/LbiozBn9v6Y
401,stebox,4,Thu Sep 27 23:13:22 2018,5,setuptools-less practices,https://www.reddit.com/r/Python/comments/9jcr5q/setuptoolsless_practices/
402,Phaethonas,43,Thu Sep 27 22:48:01 2018,247,I just made my first working Python script.,https://www.reddit.com/r/Python/comments/9jckfh/i_just_made_my_first_working_python_script/
403,liquify,10,Thu Sep 27 17:14:42 2018,11,How do you decide on data representation in your code? What is your most used approach?,https://www.reddit.com/r/Python/comments/9jap9z/how_do_you_decide_on_data_representation_in_your/
404,WloHu,3,Thu Sep 27 16:53:35 2018,3,Python 3.6 - Special cases are special enough to break the rules.,https://www.reddit.com/r/Python/comments/9jal5c/python_36_special_cases_are_special_enough_to/
405,macdaddymarte,0,Thu Sep 27 15:49:39 2018,2,Simple NumPy Tutorial - Arrays,https://www.thinktreeit.com/programming/python/python-numpy-tutorial-learn-about-arrays/
406,dodger-that,10,Thu Sep 27 13:22:31 2018,9,Python Business Case,https://www.reddit.com/r/Python/comments/9j9d6p/python_business_case/
407,chirag9696,5,Thu Sep 27 12:38:40 2018,12,Got selected to speak at PyCon India 2018,https://www.reddit.com/r/Python/comments/9j9247/got_selected_to_speak_at_pycon_india_2018/
408,ReactPupil,140,Thu Sep 27 11:17:42 2018,227,Should I Abandon JavaScript for Python?,https://www.reddit.com/r/Python/comments/9j8h79/should_i_abandon_javascript_for_python/
409,bsmdphdjd,9,Thu Sep 27 09:15:24 2018,12,How could I replace javascript with python in webpages?,https://www.reddit.com/r/Python/comments/9j7lb1/how_could_i_replace_javascript_with_python_in/
410,pfein,3,Thu Sep 27 07:59:47 2018,16,Python packaging panel @ 7 PM tonight! (Pittsburgh Livestream),https://codeandsupply.co/x/live
411,jcdyer3,4,Thu Sep 27 06:58:38 2018,8,Experiences with mypy?,https://www.reddit.com/r/Python/comments/9j6hav/experiences_with_mypy/
412,timkpaine,3,Thu Sep 27 06:52:01 2018,10,Lantern - Data exploration glue - Tools for data/plots/grids/widgets/exporting for Jupyter,https://pylantern.readthedocs.io/en/latest/
413,apoorvaeternity,16,Thu Sep 27 05:33:21 2018,15,Python package to find name of color using hex value of the color.,https://github.com/apoorvaeternity/colory
414,the_haawk,19,Thu Sep 27 04:24:20 2018,16,How do I store massive datasets for use in Python?,https://www.reddit.com/r/Python/comments/9j53wy/how_do_i_store_massive_datasets_for_use_in_python/
415,kytwb,3,Thu Sep 27 01:48:33 2018,0,GitHub app to find vunerabilities in Python repositories,https://twitter.com/guardrailsio/status/1044914986533998592
416,endlesstrax,0,Thu Sep 27 00:45:24 2018,9,Color Spaces and How to Use Them With OpenCV and Python ‚Äì Real Python,https://realpython.com/python-opencv-color-spaces/
417,chrish42,4,Thu Sep 27 00:32:55 2018,57,CPython Core Developer Sprint 2018 Report,https://pyfound.blogspot.com/2018/09/cpython-core-developer-sprint-2018.html
418,sw4r,29,Wed Sep 26 23:14:51 2018,172,nba_api: An NBA API Client for Python,https://www.reddit.com/r/Python/comments/9j2dxi/nba_api_an_nba_api_client_for_python/
419,suhitdatta1302,0,Wed Sep 26 13:36:31 2018,6,Has anyone worked with Association Rules in Python (Jupyter Notebook)?,https://www.reddit.com/r/Python/comments/9iz0fj/has_anyone_worked_with_association_rules_in/
420,pablasso,5,Wed Sep 26 12:51:30 2018,6,A transpiler that converts Logo code into Python,https://github.com/pablasso/chelodina
421,lundbird1,0,Wed Sep 26 11:53:20 2018,3,I made a Windows GUI Automation tool based on CodedUI,https://www.reddit.com/r/Python/comments/9iya6z/i_made_a_windows_gui_automation_tool_based_on/
422,jsmiel,18,Wed Sep 26 09:44:12 2018,9,What do you use Python for in your job?,https://www.reddit.com/r/Python/comments/9ixc97/what_do_you_use_python_for_in_your_job/
423,VirtualBoobs,6,Wed Sep 26 06:29:27 2018,4,I made a script in Python that adds thousands of players to my friends list,https://youtu.be/WxPRbP8I0ro
424,ballagarba,93,Wed Sep 26 04:59:02 2018,617,How we (Dropbox) rolled out one of the largest Python 3 migrations ever,https://blogs.dropbox.com/tech/2018/09/how-we-rolled-out-one-of-the-largest-python-3-migrations-ever/
425,MikeTheWatchGuy,2,Wed Sep 26 04:52:11 2018,8,PySimpleGUI now supports Python 2.7,https://www.reddit.com/r/Python/comments/9iuxhw/pysimplegui_now_supports_python_27/
426,bodonferenc,4,Wed Sep 26 04:32:43 2018,0,Pandas/Numpy for enterprise data analytics solution?,https://www.reddit.com/r/Python/comments/9iur97/pandasnumpy_for_enterprise_data_analytics_solution/
427,wingware,0,Wed Sep 26 04:10:47 2018,1,Developing and Debugging Python Code Running on Vagrant Containers,https://wingware.com/blog/vagrant
428,redcrm,6,Wed Sep 26 03:31:54 2018,0,Hello I made a scraper for Wikipedia. Needs add the title of the article and the text is without format. Thanks.,https://github.com/MauricioAlgalan/WikipediaScrap
429,mherrmann,23,Wed Sep 26 02:30:01 2018,94,PyQt5 tutorial: Create a Python GUI in 2018,https://build-system.fman.io/pyqt5-tutorial
430,AutoModerator,62,Wed Sep 26 00:10:24 2018,21,What's everyone working on this week?,https://www.reddit.com/r/Python/comments/9isgdo/whats_everyone_working_on_this_week/
431,hmhrex,10,Wed Sep 26 00:06:37 2018,0,I created a community to share Siri Shortcuts using Django,https://routinehub.co
432,mod_a,6,Tue Sep 25 23:51:19 2018,10,Using Python to interact with Microsoft Excel,https://youtu.be/lWs1MvpMgTQ?t=75
433,pknerd,8,Tue Sep 25 22:08:00 2018,22,Getting started with Apache Airflow,http://blog.adnansiddiqi.me/getting-started-with-apache-airflow/?utm_source=r_python_airflow&utm_medium=reddit&utm_campaign=c_python_airflow
434,pushtaev,0,Tue Sep 25 17:46:39 2018,1,"Python stories, August 2018",https://medium.com/@vadimpushtaev/python-stories-august-2018-5af3036ff225
435,bob_lu,0,Tue Sep 25 17:32:14 2018,4,New tutorial on Open Source hardware wallet implementation using wifi enabled NodeMCU ESP8266 running micropython instead of Lua Language!,https://github.com/TrustNoteSamples/wallet_base_on_esp8266/blob/master/README.md
436,ants_rock,0,Tue Sep 25 17:16:07 2018,9,apricot: subset selection for faster training of machine learning models,https://www.reddit.com/r/Python/comments/9iq12j/apricot_subset_selection_for_faster_training_of/
437,attreya12,30,Tue Sep 25 16:15:36 2018,325,I built a Music Player using Tkinter and Pygame,https://v.redd.it/w519acd7ubo11
438,sageofhades707,2,Tue Sep 25 16:14:43 2018,0,[Python] Iam a beginner and would love some feedback on my web scraping application.,https://github.com/foxscripts/Daily-Updater
439,sainoba,0,Tue Sep 25 13:14:11 2018,4,My first public project - Pygmentify,https://www.reddit.com/r/Python/comments/9iomk7/my_first_public_project_pygmentify/
440,weibullguy,0,Tue Sep 25 09:32:57 2018,1,Feedback on My Python Project,https://www.reddit.com/r/Python/comments/9in0uy/feedback_on_my_python_project/
441,Johan-Godinho,0,Tue Sep 25 09:15:12 2018,40,How to create a graphical register and login system in python using Tkinter part 1,https://youtu.be/Xt6SqWuMSA8
442,RaulPL,0,Tue Sep 25 07:48:20 2018,5,JupyterCon in New York 2018 playlist,https://www.youtube.com/playlist?list=PL055Epbe6d5b572IRmYAHkUgcq3y6K3Ae
443,cantasaurus,41,Tue Sep 25 07:38:52 2018,332,First Program I've Made That Actually Solved A Problem I Had,https://www.reddit.com/r/Python/comments/9im4ps/first_program_ive_made_that_actually_solved_a/
444,Melkarid,8,Tue Sep 25 04:13:49 2018,4,Python games for 9 year olds?,https://www.reddit.com/r/Python/comments/9ikcla/python_games_for_9_year_olds/
445,Elderain,18,Tue Sep 25 02:57:07 2018,3,PyInstaller onefile exe is REALLY slow,https://www.reddit.com/r/Python/comments/9ijnsd/pyinstaller_onefile_exe_is_really_slow/
446,marashell,6,Tue Sep 25 02:33:13 2018,2,"My first project on GitHub, any suggestion would be helpful!",https://www.reddit.com/r/Python/comments/9ijg44/my_first_project_on_github_any_suggestion_would/
447,diddilydiddilyhey,1,Tue Sep 25 00:32:32 2018,7,"I used reinforcement learning in python to solve the ""egg drop puzzle""",http://declanoller.com/2018/09/24/using-reinforcement-learning-to-solve-the-egg-drop-puzzle/
448,mindaslab,21,Tue Sep 25 00:28:52 2018,195,Numbers visualized as prime factors,https://www.reddit.com/r/Python/comments/9iidlm/numbers_visualized_as_prime_factors/
449,endlesstrax,0,Tue Sep 25 00:07:51 2018,4,Python Community Interview With Mahdi Yusuf ‚Äì Real Python,https://realpython.com/interview-mahdi-yusuf/
450,sobolevn,0,Mon Sep 24 23:34:14 2018,22,Flake8 plugin to find commented out or dead code,https://github.com/sobolevn/flake8-eradicate
451,jeremyisdev,1,Mon Sep 24 22:57:31 2018,41,Python Open Source of the Month (v.Sep 2018),https://medium.com/@Mybridge/python-open-source-of-the-month-v-sep-2018-3136ac55f230
452,marvin182,7,Mon Sep 24 21:53:56 2018,82,Open source financial portfolio optimisation package (with documentation),https://github.com/robertmartin8/PyPortfolioOpt
453,RevalGovender,37,Mon Sep 24 21:51:19 2018,7,"I am PHP Developer, what can Python do that PHP can't? [Legit Question]",https://www.reddit.com/r/Python/comments/9ih95r/i_am_php_developer_what_can_python_do_that_php/
454,sepandhaghighi,0,Mon Sep 24 21:02:59 2018,2,art 2.2 released,https://github.com/sepandhaghighi/art
455,LtWorf_,9,Mon Sep 24 18:47:38 2018,13,typedload: Load json into type annotated data types (and then go back to json),https://www.reddit.com/r/Python/comments/9igb02/typedload_load_json_into_type_annotated_data/
456,dddomodossola,0,Mon Sep 24 18:46:47 2018,4,remi GUI and repl.it example,https://repl.it/talk/share/Python-GUI-Tic-Tac-Toe/6145
457,RubiksCodeNMZ,2,Mon Sep 24 17:49:21 2018,36,Credit Card Fraud Detection Using Self-Organizing Maps and Python,https://rubikscode.net/2018/09/24/credit-card-fraud-detection-using-self-organizing-maps-and-python/
458,marklit,0,Mon Sep 24 16:04:23 2018,19,Working with Data Feeds,http://tech.marksblogg.com/working-with-data-feeds.html
459,cgarciae,20,Mon Sep 24 14:14:16 2018,38,Pypeline: a python library that enables you to easily create concurrent/parallel data pipelines.,https://github.com/cgarciae/pypeln
460,blarghmatey,0,Mon Sep 24 12:31:53 2018,2,Bringing Django Into The Age Of The Asynchronous Web With Channels (Interview),https://www.podcastinit.com/django-channels-and-the-asynchronous-web-with-andrew-godwin-episode-180/
461,soumitraroy,2,Mon Sep 24 12:24:16 2018,9,Python REST APIs + Flask + AngularJS CRUD Example - Roy Tutorials,https://www.roytuts.com/python-rest-flask-angularjs-crud/
462,heyimJ444,10,Mon Sep 24 12:18:00 2018,3,Anyone got a good idea for a science fair project using python?,https://www.reddit.com/r/Python/comments/9ie6y3/anyone_got_a_good_idea_for_a_science_fair_project/
463,r3tard3r,6,Mon Sep 24 11:38:14 2018,1,Guido Van Rossum' review of a Python book,"https://ibb.co/jW8M2U  GVR reviewed a book , now I kinda wanna buy  it"
464,Ph3rny,0,Mon Sep 24 11:36:40 2018,7,future-breakpoint: A backport of the `breakpoint()` builtin to python<3.7,https://github.com/asottile/future-breakpoint
465,Para11axis,0,Mon Sep 24 09:16:03 2018,5,Django in a container,https://medium.com/@thomas.basche/docker-django-6dbbc7386263
466,rdom22,0,Mon Sep 24 08:44:55 2018,6,GitHub - alexander-akhmetov/python-shortcuts: Create Siri Shortcuts with Python,https://github.com/alexander-akhmetov/python-shortcuts
467,patarapolw,0,Mon Sep 24 07:02:51 2018,2,"Using Jupyter Notebook only because of Markdown (and therefore, HTML enabled).",https://www.reddit.com/r/Python/comments/9ibwvl/using_jupyter_notebook_only_because_of_markdown/
468,guettli,1,Mon Sep 24 05:05:02 2018,3,dumpenv Python tool,https://www.reddit.com/r/Python/comments/9iaxvx/dumpenv_python_tool/
469,bdazman,115,Mon Sep 24 04:51:39 2018,513,"""Your C++ looks too much like Python""",https://imgur.com/iwP4XDZ
470,pedrocesar-ti,0,Mon Sep 24 04:43:55 2018,6,pyenv and Jenkins pipelines,https://www.reddit.com/r/Python/comments/9iarez/pyenv_and_jenkins_pipelines/
471,chaosbutters,3,Mon Sep 24 04:37:13 2018,9,"Never knew about Bokeh until 2-3 weeks ago, now I'm hooked and made a project for work to hopefully replace a paid software",https://www.reddit.com/r/Python/comments/9iapdg/never_knew_about_bokeh_until_23_weeks_ago_now_im/
472,raptored01,5,Mon Sep 24 04:34:06 2018,5,A simple wrapper for sqlite3,https://github.com/raptored01/sqliter
473,skj8,85,Mon Sep 24 03:57:17 2018,767,Python Cheat Sheet for Beginners and Experts ‚ãÜ Download for Practice,https://www.reddit.com/r/Python/comments/9iadda/python_cheat_sheet_for_beginners_and_experts/
474,hanpari,1,Mon Sep 24 03:34:50 2018,6,Using CPython‚Äôs Embeddable Zip File,https://blogs.msdn.microsoft.com/pythonengineering/2016/04/26/cpython-embeddable-zip-file/
475,CulturalRevenue,4,Mon Sep 24 03:22:11 2018,0,Why am I getting float numbers in my output?,https://www.reddit.com/r/Python/comments/9ia38t/why_am_i_getting_float_numbers_in_my_output/
476,num8lock,3,Mon Sep 24 03:16:28 2018,7,Workflow discussion a.k.a how do you organize your project?,https://www.reddit.com/r/Python/comments/9ia1i1/workflow_discussion_aka_how_do_you_organize_your/
477,kerobinson,1,Mon Sep 24 02:30:15 2018,2,What is Public Key Cryptography? (with Python examples!),https://www.twilio.com/blog/what-is-public-key-cryptography
478,pepito_pistola,0,Mon Sep 24 02:13:13 2018,29,How to use python to access google Spreadsheets,https://tutorials.technology/tutorials/How-to-use-python-to-access-google-Spreadsheets.html
479,riverrockrun,30,Mon Sep 24 02:02:54 2018,72,Teaching kids python,https://www.reddit.com/r/Python/comments/9i9g80/teaching_kids_python/
480,AnecD,0,Mon Sep 24 01:29:31 2018,27,"""An A-Z of useful Python tricks and tips!"" by Peter Gleeson via freeCodeCamp",https://medium.freecodecamp.org/an-a-z-of-useful-python-tricks-b467524ee747
481,Ripolak,0,Mon Sep 24 01:04:47 2018,4,A remote firewall Python library that I'm working on,https://www.reddit.com/r/Python/comments/9i90di/a_remote_firewall_python_library_that_im_working/
482,impshum,94,Sun Sep 23 21:13:08 2018,91,Just discovered PickleDB,https://www.reddit.com/r/Python/comments/9i7n9r/just_discovered_pickledb/
483,hobbestigrou,2,Sun Sep 23 20:26:45 2018,0,One weird trick to becoming a better software developer .,https://pyvideo.org/pycon-us-2018/one-weird-trick-to-becoming-a-better-software-developer.html
484,orrpel,23,Sun Sep 23 18:19:28 2018,29,Recommendations Python IDE Plugin for VIM?,https://www.reddit.com/r/Python/comments/9i6x6o/recommendations_python_ide_plugin_for_vim/
485,popoysegundo,10,Sun Sep 23 13:30:12 2018,28,I would love to start a career with Python and Cybersecurity but i don't know where to start?,https://www.reddit.com/r/Python/comments/9i5jcj/i_would_love_to_start_a_career_with_python_and/
486,-yphen,4,Sun Sep 23 13:00:14 2018,9,Python script to write to the text input of a terminal window,https://www.reddit.com/r/Python/comments/9i5d9h/python_script_to_write_to_the_text_input_of_a/
487,Johan-Godinho,0,Sun Sep 23 09:52:00 2018,3,How to validate a graphical form in python using Tkinter,https://youtu.be/JhOAIV2iJPg
488,breamoreboy,0,Sun Sep 23 09:31:33 2018,14,Nuitka this week #7,http://nuitka.net/posts/nuitka-this-week-7.html
489,MikeTheWatchGuy,4,Sun Sep 23 09:25:30 2018,13,I duplicated a WinForms experience in Python using a single EXE file that launches straight into a GUI,https://www.reddit.com/r/Python/comments/9i41la/i_duplicated_a_winforms_experience_in_python/
490,Demnod,7,Sun Sep 23 08:50:36 2018,3,Python 3 File Collaborate on both Windows & Mac?,https://www.reddit.com/r/Python/comments/9i3t7b/python_3_file_collaborate_on_both_windows_mac/
491,wybiral,1,Sun Sep 23 07:36:10 2018,1,WiPy 3.0,https://www.youtube.com/watch?v=BEDwtpP1DW0
492,rbw0,0,Sun Sep 23 06:53:13 2018,0,"Nawano, a Nano cryptocurrency REPL-type CLI written in Python",https://www.reddit.com/r/Python/comments/9i2zcg/nawano_a_nano_cryptocurrency_repltype_cli_written/
493,mzvid,2,Sun Sep 23 02:21:44 2018,0,Compiling from .py to .apk and .ipa,https://www.reddit.com/r/Python/comments/9i0wod/compiling_from_py_to_apk_and_ipa/
494,hEx_Py,32,Sun Sep 23 00:35:04 2018,217,I wrote a Post about Sychronous and Asynchronous Multiprocessing using Python 3.7. I hope it may help or enrich your Python knowledge. Feedback is welcome. :),https://keyboardinterrupt.org/multiprocessing-using-python-3-7/
495,SuchPhotojournalist0,5,Sat Sep 22 23:39:20 2018,0,Primary School Programming Class,https://www.reddit.com/r/Python/comments/9hzqfq/primary_school_programming_class/
496,eon01,5,Sat Sep 22 23:11:36 2018,27,AWS Lambda + Serverless Framework + Python ‚Äî A Step By Step Tutorial ‚Äî Part 2 ‚ÄúUsing AWS KMS with Lambda to Store & Read Sensitive Data & Secrets‚Äù,https://medium.com/@eon01/aws-lambda-serverless-framework-python-a-step-by-step-tutorial-part-2-using-aws-kms-with-9bdad3381024
497,karburator9,1,Sat Sep 22 22:59:14 2018,32,Inside cpyext: Why emulating CPython C API is so Hard,https://morepypy.blogspot.com/2018/09/inside-cpyext-why-emulating-cpython-c.html
498,manatlan,14,Sat Sep 22 20:09:01 2018,37,"ANNOUNCING : **VBUILD**, to compile "".vue"" files to HTML, with python (NO nodejs!)",https://www.reddit.com/r/Python/comments/9hymk1/announcing_vbuild_to_compile_vue_files_to_html/
499,Fewthp,0,Sat Sep 22 19:26:32 2018,12,Speed up the Web Development Productivity with Selenium,https://medium.com/p/1c7bde084df3
